"","data.list.id","title","date.created","rw.url"
"11","632174","Central African Republic Finance/Administration Manager",2014-01-24,"http://reliefweb.int/node/632174"
"12","631256","Protection Cluster Co-Lead - Bangui, Central African Republic",2014-01-22,"http://reliefweb.int/node/631256"
"13","631000","Responsable de Programme Infrastructure - Congo B",2014-01-21,"http://reliefweb.int/node/631000"
"14","630777","MdM recherche un COORDINATEUR SITE (H/F) pour la République Démocratique du Congo",2014-01-20,"http://reliefweb.int/node/630777"
"15","630769","Protection Monitoring Project Manager - Central African Republic",2014-01-20,"http://reliefweb.int/node/630769"
"16","630763","Protection Coordinator - Central African Republic",2014-01-20,"http://reliefweb.int/node/630763"
"17","630407","Chief of Party - Kyrgyz Republic Agriculture Project",2014-01-17,"http://reliefweb.int/node/630407"
"18","630249","Safety Adviser – CAR and DR Congo",2014-01-17,"http://reliefweb.int/node/630249"
"19","630194","Logistics Manager-Democratic Republic of the Congo (218955-927)",2014-01-17,"http://reliefweb.int/node/630194"
"20","629293","Child Protection Programme Coordinator, Bangui, Central African Republic (CAR)",2014-01-14,"http://reliefweb.int/node/629293"
"21","628992","Behaviour Change Communication (BCC) Manager - D.R. Congo",2014-01-13,"http://reliefweb.int/node/628992"
"22","627706","Program Manager, Maternal Child Health, DR Congo (1958)",2014-01-07,"http://reliefweb.int/node/627706"
"23","627416","Political Analyst & Relationship Manager, Eastern Democratic Republic of Congo",2014-01-06,"http://reliefweb.int/node/627416"
"24","627415","Monitoring and Evaluation Manager, Eastern Democratic Republic of Congo",2014-01-06,"http://reliefweb.int/node/627415"
"25","627414","Finance Manager, Eastern Democratic Republic of Congo",2014-01-06,"http://reliefweb.int/node/627414"
"26","627413","Deputy Team Leader, Eastern Democratic Republic of Congo",2014-01-06,"http://reliefweb.int/node/627413"
"27","626903","Logistics Coordinator - Central African Republic",2014-01-02,"http://reliefweb.int/node/626903"
"28","626493","WaSH MANAGER, SOUTH SUDAN (Republic of)",2013-12-30,"http://reliefweb.int/node/626493"
"29","625983","Central African Republic: Research and Monitoring & Evaluation Manager",2013-12-26,"http://reliefweb.int/node/625983"
"30","625979","Central African Republic: Conflict Sensitive Journalism Trainer",2013-12-26,"http://reliefweb.int/node/625979"
"31","625976","Central African Republic: Project Director / Humanitarian & Media Liaison Officer",2013-12-26,"http://reliefweb.int/node/625976"
"32","625971","Central African Republic: Humanitarian Journalism Trainer",2013-12-26,"http://reliefweb.int/node/625971"
"33","625884","Délégué Eau, Hygiène et Assainissement - Impfondo – H/F - CONGO",2013-12-26,"http://reliefweb.int/node/625884"
"34","624993","Country Representative - Democratic Republic of the Congo",2013-12-20,"http://reliefweb.int/node/624993"
"35","623133","Country Director - D.R Congo",2013-12-20,"http://reliefweb.int/node/623133"
"36","624971","MSF is looking for an Intersectional Humanitarian Affairs Officer based in Central African Republic Mission",2013-12-20,"http://reliefweb.int/node/624971"
"37","623350","Health Project Manager - D.R. Congo",2013-12-20,"http://reliefweb.int/node/623350"
"38","624872","Resilience/Disaster Risk Reduction Programme Manager - CONGO",2013-12-20,"http://reliefweb.int/node/624872"
"39","624847","Livelihood Coordinator - Ndélé, Central African Republic",2013-12-20,"http://reliefweb.int/node/624847"
"40","624826","WASH Programme Manager - DR Congo",2013-12-20,"http://reliefweb.int/node/624826"
"41","624823","Grants and Information Officer - DR Congo",2013-12-20,"http://reliefweb.int/node/624823"
"42","623560","WASH & Infrastructure Manager - D.R. Congo",2013-12-19,"http://reliefweb.int/node/623560"
"43","624507","Head of Support Services - DR Congo",2013-12-19,"http://reliefweb.int/node/624507"
"44","624505","Base Manager - DR Congo",2013-12-19,"http://reliefweb.int/node/624505"
"45","624329","Program Manager I - Emergency Response, Central African Republic",2013-12-18,"http://reliefweb.int/node/624329"
"46","624252","Child Protection Programme Coordinator, Kinshasa, Democratic Republic of Congo",2013-12-18,"http://reliefweb.int/node/624252"
"47","624199","Head of Programme - Central African Republic",2013-12-18,"http://reliefweb.int/node/624199"
"48","623954","Programme Coordinator - Central African Republic / Chad",2013-12-17,"http://reliefweb.int/node/623954"
"49","623851","Armed Violence Reduction (AVR) Coordinator - Central African Republic",2013-12-17,"http://reliefweb.int/node/623851"
"50","622770","Manager Operations D.R. Congo",2013-12-12,"http://reliefweb.int/node/622770"
"51","622777","CONSULTANT POUR ANALYSE DE LA SITUATION DES ENFANTS EN RDC - BLOC 2 – LE SECTEUR DE L’EDUCATION PRIMAIRE(REPUBLICATION)",2013-12-12,"http://reliefweb.int/node/622777"
"52","622476","Area Manager - DR Congo",2013-12-11,"http://reliefweb.int/node/622476"
"53","622453","Base Coordinator - Central African Republic",2013-12-11,"http://reliefweb.int/node/622453"
"54","622090","Emergency Education Project Manager - Central African Republic",2013-12-10,"http://reliefweb.int/node/622090"
"55","621928","Country Director, Democratic Republic of the Congo",2013-12-09,"http://reliefweb.int/node/621928"
"56","621789","Coordinateur/trice Pays Congo Brazzaville",2013-12-09,"http://reliefweb.int/node/621789"
"57","620962","National Director – Democratic Republic of Congo (DRC)",2013-12-05,"http://reliefweb.int/node/620962"
"58","621127","Programme Manager (Goma–Democratic Republic of the Congo)",2013-12-05,"http://reliefweb.int/node/621127"
"59","619699","Head of Office - Central African Republic",2013-11-29,"http://reliefweb.int/node/619699"
"60","618500","Responsable de Programme Infrastructure - Congo B",2013-11-25,"http://reliefweb.int/node/618500"
"61","618037","Program Officer DR Congo",2013-11-22,"http://reliefweb.int/node/618037"
"62","617721","Programme Development Advisor D.R. Congo (Education)",2013-11-21,"http://reliefweb.int/node/617721"
"63","617340","Team Leader – Eastern Democratic Republic of Congo",2013-11-20,"http://reliefweb.int/node/617340"
"64","617337","Team Leader, Monitoring & Evaluation - Eastern Democratic Republic of Congo",2013-11-20,"http://reliefweb.int/node/617337"
"65","616704","Socio-Economic Development Expert - DR Congo",2013-11-18,"http://reliefweb.int/node/616704"
"66","616673","COUNTRY DIRECTOR - DEMOCRATIC REPUBLIC OF CONGO",2013-11-18,"http://reliefweb.int/node/616673"
"67","616172","Country Director - Democratic Peoples Republic of Korea",2013-11-15,"http://reliefweb.int/node/616172"
"68","615742","Project Officer - Central African Republic",2013-11-14,"http://reliefweb.int/node/615742"
"69","615412","Country Financial Controller - Republic of Sudan",2013-11-13,"http://reliefweb.int/node/615412"
"70","615197","Country Director, Democratic Republic of the Congo",2013-11-12,"http://reliefweb.int/node/615197"
"71","614051","Technical Advisor to the National Disarmament, Demobilisation and Reintegration Commission (NDDRC) of the Republic of South Sudan",2013-11-07,"http://reliefweb.int/node/614051"
"72","613920","Operations Director, Central African Republic",2013-11-07,"http://reliefweb.int/node/613920"
"73","612278","Country Director - Dominican Republic and Haiti (Hispaniola)",2013-11-04,"http://reliefweb.int/node/612278"
"74","611859","OXFAM COUNTRY DIRECTOR - DEMOCRATIC REPUBLIC OF CONGO",2013-10-28,"http://reliefweb.int/node/611859"
"75","610694","Chef de mission - République du Congo",2013-10-22,"http://reliefweb.int/node/610694"
"76","610426","People in Need is seeking Logistician fo the mission in DR Congo",2013-10-21,"http://reliefweb.int/node/610426"
"77","609508","Country Director, Democratic Republic of the Congo",2013-10-16,"http://reliefweb.int/node/609508"
"78","609057","Base Coordinator - Central African Republic",2013-10-15,"http://reliefweb.int/node/609057"
"79","609052","Assessment Program Manager, Democratic Republic of the Congo (218813-927)",2013-10-15,"http://reliefweb.int/node/609052"
"80","607605","Manager General Affairs DR Congo",2013-10-08,"http://reliefweb.int/node/607605"
"81","607603","Country Director Congo",2013-10-08,"http://reliefweb.int/node/607603"
"82","607375","Finance Manager – Central African Republic (CAR) (Volunteer)",2013-10-07,"http://reliefweb.int/node/607375"
"83","606858","Programme Manager – DR Congo",2013-10-04,"http://reliefweb.int/node/606858"
"84","606004","Logistics Officer - Central African Republic",2013-10-01,"http://reliefweb.int/node/606004"
"85","604080","Country Director, Democratic Republic of Congo",2013-09-23,"http://reliefweb.int/node/604080"
"86","603237","Expert (m/f) in Agriculture in Punia, Democratic Republic of Congo",2013-09-19,"http://reliefweb.int/node/603237"
"87","603021","Programme Development Advisor D.R. Congo (Education)",2013-09-18,"http://reliefweb.int/node/603021"
"88","602749","Conseiller en développement de programmes – République Démocratique du Congo",2013-09-17,"http://reliefweb.int/node/602749"
"89","602501","Spécialiste en Finances (h/f) en République démocratique du Congo",2013-09-16,"http://reliefweb.int/node/602501"
"90","602065","Area Manager - DR Congo",2013-09-13,"http://reliefweb.int/node/602065"
"91","601559","Call for Experts - Governance & Security - Democratic Republic of Congo",2013-09-11,"http://reliefweb.int/node/601559"
"92","601273","Programme d'Urgence Nutritionelle du Congo (PUNC)",2013-09-10,"http://reliefweb.int/node/601273"
"93","601117","Country representative DR Congo - Norwegian Church Aid",2013-09-10,"http://reliefweb.int/node/601117"
"94","601197","Health of Women and Children in the Dominican Republic",2013-09-10,"http://reliefweb.int/node/601197"
"95","600645","WASH Advisor - Republic of Sudan",2013-09-06,"http://reliefweb.int/node/600645"
"96","600555","Operations Director, Central African Republic",2013-09-06,"http://reliefweb.int/node/600555"
"97","599998","Spécialiste en Finances (h/f) en République démocratique du Congo",2013-09-04,"http://reliefweb.int/node/599998"
"98","598978","Logistics Coordinator - Central African Republic",2013-08-29,"http://reliefweb.int/node/598978"
"99","598965","Call for Experts - Private Sector Development in the Democratic Republic of Congo",2013-08-29,"http://reliefweb.int/node/598965"
"100","597428","Head of Support Services DR Congo",2013-08-22,"http://reliefweb.int/node/597428"
"101","597394","Program Officer - West Africa, Great Lakes, Central African Republic and Haiti",2013-08-22,"http://reliefweb.int/node/597394"
"102","596926","Chief of Party – Democratic Republic of Congo",2013-08-20,"http://reliefweb.int/node/596926"
"103","596725","Consultant pour l'élaboration de la stratégie nationale Justice Economique en RD. Congo",2013-08-20,"http://reliefweb.int/node/596725"
"104","596296","Program Specialist (Democratic Republic of the Congo)",2013-08-17,"http://reliefweb.int/node/596296"
"105","595894","Project Coordinator Emergency Cash & Voucher - DR Congo",2013-08-15,"http://reliefweb.int/node/595894"
"106","595825","Head of Finance Administration Assistant - Central African Republic",2013-08-15,"http://reliefweb.int/node/595825"
"107","595569","Team Leader with strong Finance / Audit background based in Brazzaville / Congo",2013-08-14,"http://reliefweb.int/node/595569"
"108","594517","EXPERT (h/f) en construction  à Dungu, R.D. du Congo",2013-08-08,"http://reliefweb.int/node/594517"
"109","594304","Programme Manager – DR Congo",2013-08-07,"http://reliefweb.int/node/594304"
"110","593227","Finance and Grants Manager, Central African Republic",2013-08-02,"http://reliefweb.int/node/593227"
"111","592834","Projet de lutte contre le choléra: appui à la rédaction d'appels d'offre pour l'amélioration de l'accès à l'eau à Uvira, RD Congo.",2013-07-31,"http://reliefweb.int/node/592834"
"112","592446","Emergency Programme Coordinator – Central African Republic (CAR) Disaster Risk Reduction and Disaster Response Unit (DRR & DR)",2013-07-30,"http://reliefweb.int/node/592446"
"113","592201","Base Coordinator - Central African Republic",2013-07-29,"http://reliefweb.int/node/592201"
"114","592193","Operational Support Coordinator - Central African Republic",2013-07-29,"http://reliefweb.int/node/592193"
"115","591760","Resource Management Analyst P3, DR Congo & Chad (2 Positions)",2013-07-26,"http://reliefweb.int/node/591760"
"116","591164","Protection Coordinator - Central African Republic",2013-07-24,"http://reliefweb.int/node/591164"
"117","589950","EXPERT (h/f) en construction à Dungu, R.D. du Congo",2013-07-18,"http://reliefweb.int/node/589950"
"118","589828","Handpump supply chain analysis and mapping in Eastern Democratic Republic of Congo",2013-07-17,"http://reliefweb.int/node/589828"
"119","588782","Programme Manager Education - DR Congo",2013-07-12,"http://reliefweb.int/node/588782"
"120","587597","Programme Coordinator -  Central African Republic / Chad",2013-07-08,"http://reliefweb.int/node/587597"
"121","586879","Country Representative, Central African Republic",2013-07-03,"http://reliefweb.int/node/586879"
"122","586466","Responsable Administratif et Financier RD Congo",2013-07-02,"http://reliefweb.int/node/586466"
"123","585504","Inpatients Health and Nutrition Doctor Central African Republic",2013-06-27,"http://reliefweb.int/node/585504"
"124","585503","Operations Director, Central African Republic",2013-06-27,"http://reliefweb.int/node/585503"
"125","585360","1 CONSULTANT INTERNATIONAL EN APPUI TECHNIQUE AUX CAMPAGNES DE VACCINATION CONTRE LA ROUGEOLE EN REPUBLIQUE DEMOCRATIQUE DU CONGO (RDC) / POINT FOCAL",2013-06-26,"http://reliefweb.int/node/585360"
"126","585255","Site Protection Officer - Democratic Republic of the Congo",2013-06-26,"http://reliefweb.int/node/585255"
"127","585247","Site Management Coordinator - Democratic of the Congo",2013-06-26,"http://reliefweb.int/node/585247"
"128","584073","Country Director D.R. Congo",2013-06-20,"http://reliefweb.int/node/584073"
"129","583773","Finance and Grants Manager, Central African Republic",2013-06-19,"http://reliefweb.int/node/583773"
"130","583751","Head of Mission, Central African Republic",2013-06-19,"http://reliefweb.int/node/583751"
"131","583671","Country Director, Democratic Republic of the Congo (1715)",2013-06-18,"http://reliefweb.int/node/583671"
"132","583194","Protection Monitoring Project Manager - Ouham District, Central African Republic",2013-06-17,"http://reliefweb.int/node/583194"
"133","582826","Administration Officer P3, DR Congo & Chad (2 Positions)",2013-06-14,"http://reliefweb.int/node/582826"
"134","580620","Country Director in Democratic Republic of Congo",2013-06-04,"http://reliefweb.int/node/580620"
"135","580618","Head of Programmes in Democratic Republic of Congo",2013-06-04,"http://reliefweb.int/node/580618"
"136","580587","Head of Office - Central African Republic",2013-06-04,"http://reliefweb.int/node/580587"
"137","580559","Programme Funding Officer Democratic republic of Congo",2013-06-04,"http://reliefweb.int/node/580559"
"138","580026","Project Coordinator, DR Congo",2013-05-31,"http://reliefweb.int/node/580026"
"139","579559","Logistics Manager - Democratic Republic of Congo",2013-05-30,"http://reliefweb.int/node/579559"
"140","579235","Administrateur Financier, DR Congo, Kinshasa",2013-05-29,"http://reliefweb.int/node/579235"
"141","578998","Spanish Speaking Pharmacist Needed- Volunteer: Health of Women and Children in the Dominican Republic",2013-05-28,"http://reliefweb.int/node/578998"
"142","578519","HR Manager - Central African Republic",2013-05-25,"http://reliefweb.int/node/578519"
"143","578518","Field Managers - Central African Republic",2013-05-25,"http://reliefweb.int/node/578518"
"144","578338","Operational Support Coordinator - Central African Republic",2013-05-24,"http://reliefweb.int/node/578338"
"145","578335","Base Coordinator - Central African Republic",2013-05-24,"http://reliefweb.int/node/578335"
"146","578328","Country Director - Central African Republic",2013-05-24,"http://reliefweb.int/node/578328"
"147","577538","Directeur Cordaid RD Congo, Kinshasa",2013-05-21,"http://reliefweb.int/node/577538"
"148","576663","Invitation to Tender- External Evaluation of the Information, Counseling and Legal Assistance Programme (ICLA), NRC DR Congo",2013-05-16,"http://reliefweb.int/node/576663"
"149","576652","International Programme Coordinator,Pyongyang, Democratic  People’s Republic of Korea (DPRK), Asia and the Pacific Region, ICS-11 (P-4)",2013-05-16,"http://reliefweb.int/node/576652"
"150","576646","Technical Specialist, Population and Development, PyongYang, Democratic People’s Republic of Korea (DPRK), Asia and the Pacific Region, ICS-11(P-4)",2013-05-16,"http://reliefweb.int/node/576646"
"151","575878","Site Protection Officer - Democratic Republic of the Congo",2013-05-14,"http://reliefweb.int/node/575878"
"152","575875","Site Management Coordinator - Democratic Republic of the Congo",2013-05-14,"http://reliefweb.int/node/575875"
"153","575356","Chief of Party - Dominican Republic",2013-05-10,"http://reliefweb.int/node/575356"
"154","575060","PR Internship, Central African Republic",2013-05-10,"http://reliefweb.int/node/575060"
"155","574947","Consultant Spécialiste Logistique – Chaine de froid/PEV   (REPUBLICATION)",2013-05-09,"http://reliefweb.int/node/574947"
"156","574982","Nutrition Programme Officer P4, DR Congo & Somalia (2 Positions)",2013-05-09,"http://reliefweb.int/node/574982"
"157","574749","Country Director, DRC (Congo)",2013-05-08,"http://reliefweb.int/node/574749"
"158","574633","Protection and Advocacy Advisor - DR Congo",2013-05-08,"http://reliefweb.int/node/574633"
"159","573182","Project Officer, Central African Republic",2013-05-02,"http://reliefweb.int/node/573182"
"160","573260","Public Information Officer P3, DR Congo and Niger",2013-05-02,"http://reliefweb.int/node/573260"
"161","572404","Assistant Technique Vétérinaire RD Congo",2013-04-29,"http://reliefweb.int/node/572404"
"162","572106","Logistics Officer (Air Operations Supervisor) P3 - Chad & Dem. Rep. Congo – 3 positions",2013-04-26,"http://reliefweb.int/node/572106"
"163","571655","Programme Manager – Democratic Republic of the Congo (DRC)",2013-04-25,"http://reliefweb.int/node/571655"
"164","571443","Program manager (human trafficking), Central African Republic",2013-04-24,"http://reliefweb.int/node/571443"
"165","571162","Chef de Mission - Republique démocratique du Congo - Handicap International - DAu",2013-04-23,"http://reliefweb.int/node/571162"
"166","569778","Expert/e logistique en R.D. du Congo",2013-04-17,"http://reliefweb.int/node/569778"
"167","569538","Country Director - DR Congo",2013-04-16,"http://reliefweb.int/node/569538"
"168","569520","Etude Emergency Market Mapping and Analysis (EMMA) in Democratic Republic of Congo, KATANGA.",2013-04-16,"http://reliefweb.int/node/569520"
"169","568035","Chargé National d’administration et finance DR Congo",2013-04-09,"http://reliefweb.int/node/568035"
"170","567464","Chief of Party- Dominican Republic",2013-04-05,"http://reliefweb.int/node/567464"
"171","567397","Program Manager ICLA - DR Congo",2013-04-05,"http://reliefweb.int/node/567397"
"172","567297","Executive Director - Advisory Council on Child Survival in the Democratic Republic of Congo",2013-04-05,"http://reliefweb.int/node/567297"
"173","567261","National Director – World Vision Dominican Republic",2013-04-05,"http://reliefweb.int/node/567261"
"174","567146","Human Resources Manager - DR Congo",2013-04-04,"http://reliefweb.int/node/567146"
"175","566127","UNFPA Representative Democratic Republic of Congo (DRC), ICS-13 (D-1), Kinshasa, RE-ADVERTISEMENT",2013-03-29,"http://reliefweb.int/node/566127"
"176","565843","Junior Expert in the Agricultural Sector (expatriate) - Aid Worker in the Democratic Republic of the Congo, suburb of Kinshasa",2013-03-28,"http://reliefweb.int/node/565843"
"177","565423","Program Manager, Emergency Response, DR Congo (1546)",2013-03-26,"http://reliefweb.int/node/565423"
"178","564241","Directeur/Directrice des Programmes (et pays) en République Démocratique du Congo",2013-03-21,"http://reliefweb.int/node/564241"
"179","563813","Program Manager, Emergency Response, DR Congo (1546)",2013-03-19,"http://reliefweb.int/node/563813"
"180","563731","Chief Technical Adviser, Census, Democratic Republic of Congo, ICS-12(P-5)",2013-03-19,"http://reliefweb.int/node/563731"
"181","562944","Chef de projet (h/f) en République démocratique du Congo",2013-03-15,"http://reliefweb.int/node/562944"
"182","562400","Head of Programmes in Democratic Republic of Congo",2013-03-13,"http://reliefweb.int/node/562400"
"183","562088","Coordinator of medicusmundi bizkaia  in the D. R. of Congo",2013-03-12,"http://reliefweb.int/node/562088"
"184","561843","UE - EUSEC RD CONGO - Expert Génie (RSS 41)",2013-03-11,"http://reliefweb.int/node/561843"
"185","559989","Interim Country Representative for Burundi and the Democratic Republic of Congo (DRC)",2013-03-01,"http://reliefweb.int/node/559989"
"186","559968","Country Director - DR Congo",2013-03-01,"http://reliefweb.int/node/559968"
"187","559428","Epidemiology and Avian Influenza Services - Vientiane, Lao Peoples Democratic Republic",2013-02-27,"http://reliefweb.int/node/559428"
"188","559294","UE - EUSEC RD CONGO - Comptable (RSS 43)",2013-02-27,"http://reliefweb.int/node/559294"
"189","559343","Assistant Country Director Programmes - DR CONGO",2013-02-27,"http://reliefweb.int/node/559343"
"190","559041","Emergency Manager - Democratic Republic of the Congo",2013-02-26,"http://reliefweb.int/node/559041"
"191","557819","Country Director in Democratic Republic of Congo",2013-02-20,"http://reliefweb.int/node/557819"
"192","557306","Area Manager - DR Congo",2013-02-18,"http://reliefweb.int/node/557306"
"193","554554","EXPERT (h/f) en construction à Dungu, R.D. du Congo",2013-02-05,"http://reliefweb.int/node/554554"
"194","554478","EXPERTS ROUTIERS POUR  RD CONGO",2013-02-05,"http://reliefweb.int/node/554478"
"195","553918","Country Director - D.R. Congo",2013-02-01,"http://reliefweb.int/node/553918"
"196","552932","Chef de Projet DVFP - RD Congo - DAU - Handicap International",2013-01-29,"http://reliefweb.int/node/552932"
"197","552940","Coordinateur Logistique - RD Congo - DAU - Handicap International",2013-01-29,"http://reliefweb.int/node/552940"
"198","552938","Coordinateur Administratif - RD Congo - DAU - Handicap International",2013-01-29,"http://reliefweb.int/node/552938"
"199","552936","Chef de Mission - RD Congo - DAU - Handicap International",2013-01-29,"http://reliefweb.int/node/552936"
"200","552934","Chef de Projet RRMP - RD Congo - DAU - Handicap International",2013-01-29,"http://reliefweb.int/node/552934"
"201","550853","Medical Coordinator- Democratic Republic of Congo (DRC) 12-537",2013-01-18,"http://reliefweb.int/node/550853"
"202","550279","Independent Evaluator for our Goma projects, D.R. Congo",2013-01-16,"http://reliefweb.int/node/550279"
"203","549266","Protection Manager – Democratic Republic of the Congo (DRC)",2013-01-11,"http://reliefweb.int/node/549266"
"204","548435","Evaluation de fin de cycle de la durabilité du Programme Ecoles et Villages Assainis en RD Congo.",2013-01-08,"http://reliefweb.int/node/548435"
"205","546595","UE - EUSEC RD CONGO - Responsable financier",2012-12-26,"http://reliefweb.int/node/546595"
"206","545716","Responsables Administratifs et Financiers - RD CONGO",2012-12-20,"http://reliefweb.int/node/545716"
"207","544343","Finance Manager - Democratic Republic of Congo",2012-12-14,"http://reliefweb.int/node/544343"
"208","544101","Program Director, Dominican Republic",2012-12-13,"http://reliefweb.int/node/544101"
"209","543698","Administrateur Sénior (M/F), Dr Congo, Bukavu",2012-12-12,"http://reliefweb.int/node/543698"
"210","543361","Logistics Officer - Democratic Republic of the Congo",2012-12-11,"http://reliefweb.int/node/543361"
"211","542194","International Operations Manager ( IOM), Pyongyang, Democratic People's Republic of Korea, ICS-10 ( P-3), Asia and the Pacific Region",2012-12-05,"http://reliefweb.int/node/542194"
"212","541872","Country Director, Democratic Republic of the Congo (DRC)",2012-12-04,"http://reliefweb.int/node/541872"
"213","541447","Baseline study:  Media, citizen empowerment, and democratic governance in DR Congo",2012-12-04,"http://reliefweb.int/node/541447"
"214","541755","Deputy Country Director (Programmes) - DR Congo",2012-12-04,"http://reliefweb.int/node/541755"
"215","541202","Monitoring and Communications (M&C) Expert - Dili, Democratic Republic of Timor-Leste",2012-12-03,"http://reliefweb.int/node/541202"
"216","541139","UNFPA Representative, Democratic Republic of Congo (DRC), ICS-13 (D-1)",2012-11-30,"http://reliefweb.int/node/541139"
"217","540931","Regional Security Advisor - DR Congo",2012-11-30,"http://reliefweb.int/node/540931"
"218","540929","Area Manager - DR Congo",2012-11-30,"http://reliefweb.int/node/540929"
"219","541047","Head of Office Based in Goma, Democratic Republic of Congo",2012-11-30,"http://reliefweb.int/node/541047"
"220","540917","Administrateur national de budget du projet PASSOBA (republication)",2012-11-30,"http://reliefweb.int/node/540917"
"221","539706","Programme Quality Adviser - Republic of Sudan",2012-11-26,"http://reliefweb.int/node/539706"
"222","538735","Field Office Director, Democratic Republic of Congo",2012-11-21,"http://reliefweb.int/node/538735"
"223","537441","Nutrition Specialist, P-3, Bangui, Central African Republic",2012-11-15,"http://reliefweb.int/node/537441"
"224","536024","Head of Mission, DR Congo",2012-11-08,"http://reliefweb.int/node/536024"
"225","535981","Finance Manager, Democratic Republic of the Congo (1362)",2012-11-08,"http://reliefweb.int/node/535981"
"226","535656","Program Manager ICLA -DR Congo",2012-11-07,"http://reliefweb.int/node/535656"
"227","534634","Director of Finance, Democratic Republic of Congo",2012-11-01,"http://reliefweb.int/node/534634"
"228","534213","Country Director - Democratic Republic of Congo",2012-10-31,"http://reliefweb.int/node/534213"
"229","534090","Assistant Programme Migration - Congo B",2012-10-30,"http://reliefweb.int/node/534090"
"230","533065","Executive Director - Czech Republic",2012-10-24,"http://reliefweb.int/node/533065"
"231","532943","FIELD LOCATION MANAGER EASTERN EQUATORIA STATE  REPUBLIC OF SUDAN",2012-10-24,"http://reliefweb.int/node/532943"
"232","532207","UNFPA Representative, Democratic Republic of Congo (DRC), ICS-13 (D-1)",2012-10-19,"http://reliefweb.int/node/532207"
"233","531747","Gestionnaire du Programme Santé République Démocratique du Congo",2012-10-18,"http://reliefweb.int/node/531747"
"234","530554","Stagiaire Logistique - République du Congo",2012-10-12,"http://reliefweb.int/node/530554"
"235","530281","Représentant national en République démocratique du Congo (RDC)",2012-10-11,"http://reliefweb.int/node/530281"
"236","529881","PERSONNEL QUALIFIE (H/F) pour la logistique (magasinier) à Goma, République Démocratique du Congo",2012-10-10,"http://reliefweb.int/node/529881"
"237","529782","Country Director – Democratic Republic of Congo",2012-10-09,"http://reliefweb.int/node/529782"
"238","529413","MANAGER OPERATIONS D.R. CONGO",2012-10-08,"http://reliefweb.int/node/529413"
"239","529373","3 COORDINATEURS DE BUREAU DECENTRALISE en République Démocratique du Congo (Bukavu , Bunia , Kinshasa )",2012-10-08,"http://reliefweb.int/node/529373"
"240","528906","Country Director for Central African Republic",2012-10-04,"http://reliefweb.int/node/528906"
"241","528819","EXPERT (h/f) en construction à Dungu, R.D. du Congo",2012-10-04,"http://reliefweb.int/node/528819"
"242","527987","Health Programme Manager in Democratic Republic of Congo",2012-10-01,"http://reliefweb.int/node/527987"
"243","527985","Education and Protection Programme Manager in Democratic Republic of Congo",2012-10-01,"http://reliefweb.int/node/527985"
"244","527455","Stagiaire Reporting - Congo B",2012-09-27,"http://reliefweb.int/node/527455"
"245","527098","Development of the National Guidelines on Institutional Care for Children without Appropriate Care for the Republic of Somaliland",2012-09-26,"http://reliefweb.int/node/527098"
"246","526788","Food Income and Markets Advisor - Republic of Sudan",2012-09-25,"http://reliefweb.int/node/526788"
"247","526760","Expert/e logistique en R.D. du Congo",2012-09-25,"http://reliefweb.int/node/526760"
"248","526747","CONSULTANCY:  Development of the National Guidelines on Institutional Care for Children without Appropriate Care for the Republic of Somaliland",2012-09-25,"http://reliefweb.int/node/526747"
"249","526637","Chief of Party-Democratic Republic of the Congo",2012-09-24,"http://reliefweb.int/node/526637"
"250","526571","Financial Manager of  Mission in DR Congo",2012-09-24,"http://reliefweb.int/node/526571"
"251","526501","Chef de projet (h/f) en République démocratique du Congo",2012-09-24,"http://reliefweb.int/node/526501"
"252","525464","VOLUNTEER position in Democratic Republic of Congo",2012-09-19,"http://reliefweb.int/node/525464"
"253","525353","Country Coordinator for Dominican Republic & Cuba",2012-09-18,"http://reliefweb.int/node/525353"
"254","524554","Protection Coordinator - Central African Republic",2012-09-14,"http://reliefweb.int/node/524554"
"255","524255","Spécialiste en Finances (h/f) en République démocratique du Congo",2012-09-13,"http://reliefweb.int/node/524255"
"256","521960","Protection Coordinator - Central African Republic",2012-09-03,"http://reliefweb.int/node/521960"
"257","521119","Project Coordinator: Central African Republic",2012-08-29,"http://reliefweb.int/node/521119"
"258","520672","Head of Administration & Finance - Central African Republic",2012-08-28,"http://reliefweb.int/node/520672"
"259","520607","Programme Manager DR Congo",2012-08-28,"http://reliefweb.int/node/520607"
"260","520605","Manager Operations DR Congo",2012-08-28,"http://reliefweb.int/node/520605"
"261","519431","REQUEST FOR EXPRESSION OF INTEREST; TRUST FUND FOR VICTIMS: EVALUATING THE RESULTS OF PROGRAMMES IN NORTHERN UGANDA AND DEMOCRATIC REPUBLIC OF CONGO",2012-08-22,"http://reliefweb.int/node/519431"
"262","519053","PROGRAMME MANAGER D.R. CONGO",2012-08-21,"http://reliefweb.int/node/519053"
"263","518911","WASH Advisor - Republic of Sudan",2012-08-20,"http://reliefweb.int/node/518911"
"264","518517","un(e) Représentant(e) en République Démocratique du Congo",2012-08-17,"http://reliefweb.int/node/518517"
"265","518343","Central African Republic: Liaison Officer",2012-08-16,"http://reliefweb.int/node/518343"
"266","517655","Consultant pour la conduite de l’étude complémentaire sur la Protection Sociale en RD Congo",2012-08-14,"http://reliefweb.int/node/517655"
"267","517399","Volunteer: Health of Women and Children in the Dominican Republic",2012-08-13,"http://reliefweb.int/node/517399"
"268","517301","MANAGER OPERATIONS D.R. CONGO",2012-08-13,"http://reliefweb.int/node/517301"
"269","515354","Un représentant local pour la RD Congo",2012-08-03,"http://reliefweb.int/node/515354"
"270","514757","Consultancy in Situation Analysis of Children’s and Women’s Rights in the Republic of Kazakhstan",2012-08-01,"http://reliefweb.int/node/514757"
"271","514556","Country Director, DR Congo",2012-07-31,"http://reliefweb.int/node/514556"
"272","514355","Country Director - Democratic Republic of Congo (DRC)",2012-07-30,"http://reliefweb.int/node/514355"
"273","513600","Chef de mission pays/Coordonnateur pour le Burundi (republication)",2012-07-26,"http://reliefweb.int/node/513600"
"274","513314","Programme Support Officer - Republic of Sudan",2012-07-25,"http://reliefweb.int/node/513314"
"275","512731","Sociologist – Behavioral Change Specialist,  Performance Evaluation, Dominican Republic",2012-07-23,"http://reliefweb.int/node/512731"
"276","511378","International Operations Manager, Democratic Republic of Congo, ICS-10",2012-07-17,"http://reliefweb.int/node/511378"
"277","511176","Central African Republic: Resident Journalism Advisor",2012-07-17,"http://reliefweb.int/node/511176"
"278","510177","Responsable d’antenne à Bunia et Bukavu - RDC - 2 postes (Republication)",2012-07-12,"http://reliefweb.int/node/510177"
"279","510173","Chef de mission/Coordonnateur à Goma-RDC (Republication)",2012-07-12,"http://reliefweb.int/node/510173"
"280","509944","Chief Technical Specialist, Census, ICS-11, Central African Republic",2012-07-11,"http://reliefweb.int/node/509944"
"281","509791","Stagiaire AME - Congo B",2012-07-11,"http://reliefweb.int/node/509791"
"282","509453","L4, Emergency Specialist, (TA) - Bangui, Central African Republic",2012-07-10,"http://reliefweb.int/node/509453"
"283","509226","Program Manager, Agriculture and Livestock, DR Congo (1226)",2012-07-09,"http://reliefweb.int/node/509226"
"284","509199","Expert/e coordinateur / -trice de programme pour la République démocratique du Congo",2012-07-09,"http://reliefweb.int/node/509199"
"285","508358","Stagiaire Finance - Congo B",2012-07-05,"http://reliefweb.int/node/508358"
"286","507909","Country Director for Democratic Republic of Congo",2012-07-03,"http://reliefweb.int/node/507909"
"287","507772","Spécialiste en Finances (h/f) en République démocratique du Congo",2012-07-03,"http://reliefweb.int/node/507772"
"288","507572","UE - EUSEC RD CONGO - Assistant du Chef de mission",2012-07-02,"http://reliefweb.int/node/507572"
"289","506272","Consultancy on for the legal review of the Education Law of Azerbaijan Republic",2012-06-26,"http://reliefweb.int/node/506272"
"290","505802","Central African Republic: Project Director",2012-06-23,"http://reliefweb.int/node/505802"
"291","503353","Central African Republic: Finance and Grants Manager",2012-06-13,"http://reliefweb.int/node/503353"
"292","503264","Interim Country Director, Democratic Republic of Congo",2012-06-12,"http://reliefweb.int/node/503264"
"293","501727","Responsable Ressources Humaines, Finances et Logistique pour la Représentation de  la CTB en RD CONGO - Réf : BRU/12/16HRRDC",2012-06-06,"http://reliefweb.int/node/501727"
"294","501483","PROGRAMME DEVELOPMENT ADVISOR DR CONGO",2012-06-05,"http://reliefweb.int/node/501483"
"295","499874","PROGRAMME SUPPORT CONSULTANT, DR CONGO",2012-05-29,"http://reliefweb.int/node/499874"
"296","498068","Un(e) Représentant(e) en République Démocratique du Congo",2012-05-21,"http://reliefweb.int/node/498068"
"297","497159","Field Coordinator --  The Democratic Republic of theCongo",2012-05-16,"http://reliefweb.int/node/497159"
"298","497154","Coordinateur Logistique -- Congo, The Democratic Republic of Congo",2012-05-16,"http://reliefweb.int/node/497154"
"299","497131","WASH Coordinator -- République Démocratique du Congo",2012-05-16,"http://reliefweb.int/node/497131"
"300","497129","Responsable de Programme WASH -- République Démocratique du Congo",2012-05-16,"http://reliefweb.int/node/497129"
"301","495676","Research and Development Specialist Republic of South Sudan",2012-05-10,"http://reliefweb.int/node/495676"
"302","495495","Coordinateur Logistique -- (Kivu) Congo, The Democratic Republic of Congo",2012-05-09,"http://reliefweb.int/node/495495"
"303","493884","COUNTRY DIRECTOR, Democratic Republic of Congo",2012-05-02,"http://reliefweb.int/node/493884"
"304","493012","Country Director, Central African Republic (CAR)",2012-04-27,"http://reliefweb.int/node/493012"
"305","492688","Coordinateur Logistique -- Congo, The Democratic Republic of Congo",2012-04-26,"http://reliefweb.int/node/492688"
"306","492603","International Consultancy on  Revision of the Law of the Republic of Azerbaijan «On Youth Policy»",2012-04-26,"http://reliefweb.int/node/492603"
"307","492127","Country Financial Controller - Republic of Sudan",2012-04-24,"http://reliefweb.int/node/492127"
"308","491354","MSF-OCBA is looking for a Workshop Manager based in Bangui (Central African Republic)",2012-04-20,"http://reliefweb.int/node/491354"
"309","490766","Programme Officer - DR CONGO",2012-04-18,"http://reliefweb.int/node/490766"
"310","490763","Feasibility Study on Republic of South Sudan",2012-04-18,"http://reliefweb.int/node/490763"
"311","488938","Responsable de Programme Migration - Congo B",2012-04-10,"http://reliefweb.int/node/488938"
"312","486813","Chief of Operations, Chisinau, Republic of Moldova, ICS-12 (P-5)",2012-03-30,"http://reliefweb.int/node/486813"
"313","486320","RESEARCHER ON THE DEMOCRATIC REPUBLIC OF CONGO",2012-03-29,"http://reliefweb.int/node/486320"
"314","485186","International Operations Manager, Democratic Republic of Congo, ICS-10",2012-03-23,"http://reliefweb.int/node/485186"
"315","484122","Responsable de programme WASH - Congo Brazaville",2012-03-20,"http://reliefweb.int/node/484122"
"316","484119","Responsable de Programme Livelihood - Congo B",2012-03-20,"http://reliefweb.int/node/484119"
"317","482613","Evaluation of Oxfam’s Climate Change Programme in the Republic of South Africa",2012-03-13,"http://reliefweb.int/node/482613"
"318","482266","Finance Manager - Republic of Congo",2012-03-12,"http://reliefweb.int/node/482266"
"319","481849","Area Coordinator - D R Congo",2012-03-09,"http://reliefweb.int/node/481849"
"320","481180","CONSULTANCY: Kyrgyz Republic Co-Facilitator and Co-Trainer",2012-03-07,"http://reliefweb.int/node/481180"
"321","478371","USAID/OFDA Senior Program Officer - Democratic Republic of Congo",2012-02-22,"http://reliefweb.int/node/478371"
"322","478114","WASH Advisor - Republic of Sudan",2012-02-21,"http://reliefweb.int/node/478114"
"323","477453","MSF-OCBA is looking for a Workshop Manager in Bangui (Central African Republic)",2012-02-17,"http://reliefweb.int/node/477453"
"324","477237","Stage Reporting - Congo B",2012-02-16,"http://reliefweb.int/node/477237"
"325","477219","Directeur de Pays Adjoint - Congo B",2012-02-16,"http://reliefweb.int/node/477219"
"326","477205","Base Manager - D R Congo",2012-02-16,"http://reliefweb.int/node/477205"
"327","477179","INSO Director - Democratic Republic of Congo",2012-02-16,"http://reliefweb.int/node/477179"
"328","476431","Logistics Manager - DR Congo",2012-02-13,"http://reliefweb.int/node/476431"
"329","476429","Finance and Administration Manager - DR Congo",2012-02-13,"http://reliefweb.int/node/476429"
"330","476128","RESPONSABLE ADMINISTRATION–FINANCES–LOGISTIQUE (AFL) en République Démocratique du Congo",2012-02-10,"http://reliefweb.int/node/476128"
"331","475873","Continuing Legal Education Expert, Democratic Republic of Congo",2012-02-09,"http://reliefweb.int/node/475873"
"332","475225","Salonga Program Manager WWF-DR Congo",2012-02-07,"http://reliefweb.int/node/475225"
"333","474904","Chargée/Chargé des Projets en République Démocratique du Congo",2012-02-06,"http://reliefweb.int/node/474904"
"334","474338","Head of Programmes in Democratic Republic of Congo",2012-02-02,"http://reliefweb.int/node/474338"
"335","473729","PERSONNEL QUALIFIE (H/F) pour la logistique (magasinier) à Goma, République Démocratique du Congo",2012-01-31,"http://reliefweb.int/node/473729"
"336","473194","Country Director - Republic of South Sudan",2012-01-27,"http://reliefweb.int/node/473194"
"337","472820","Coopérant(e) comptable et gestion financière (M/F), Mbuyi Mayi, RD Congo",2012-01-26,"http://reliefweb.int/node/472820"
"338","472352","Dominican Republic Project Coordinator",2012-01-24,"http://reliefweb.int/node/472352"
"339","471792","Field Office Director – Democratic Republic of Congo",2012-01-20,"http://reliefweb.int/node/471792"
"340","471117","Protection and Advocacy Advisor - DR Congo",2012-01-18,"http://reliefweb.int/node/471117"
"341","467705","Central African Republic: Resident Journalism Advisor",2011-12-30,"http://reliefweb.int/node/467705"
"342","467422","Programme Development Manager Republic of South Sudan",2011-12-28,"http://reliefweb.int/node/467422"
"343","466930","Medical doctor in Congo-Brazzaville",2011-12-23,"http://reliefweb.int/node/466930"
"344","466756","Water, Sanitation & Hygiene Project Manager - DR Congo",2011-12-22,"http://reliefweb.int/node/466756"
"345","466201","Assistant Technique International, Expert en Renforcement des Capacités - RD Congo - Réf: RDC/11/161-3",2011-12-20,"http://reliefweb.int/node/466201"
"346","466192","Consultant VIH pour la République Démocratique du Congo (RDC)",2011-12-20,"http://reliefweb.int/node/466192"
"347","465967","Country Director, Central African Republic (CAR)",2011-12-19,"http://reliefweb.int/node/465967"
"348","464919","Team leader & Wash manager DR Congo",2011-12-14,"http://reliefweb.int/node/464919"
"349","464913","Country programme manager DR Congo",2011-12-14,"http://reliefweb.int/node/464913"
"350","464705","HIV Consultant/Provider-Initiated Testing and Counseling (PITC) for Democratic Republic of Congo (DRC)",2011-12-13,"http://reliefweb.int/node/464705"
"351","463304","DR Congo - Water & Sanitation Advisor",2011-12-06,"http://reliefweb.int/node/463304"
"352","463181","Consultancy for Jonglei State Government - Republic of South Sudan - Ministries of Agriculture and Forestry and of Livestock and Fisheries",2011-12-05,"http://reliefweb.int/node/463181"
"353","462725","Programme Development Manager D.R. Congo",2011-12-02,"http://reliefweb.int/node/462725"
"354","462487","Project Manager / Rapid Response to Movements of Population (RRMP) - DR Congo",2011-12-01,"http://reliefweb.int/node/462487"
"355","461600","Consultancy on development of a National Bail Policy Framework and Guidelines for the Republic of Kenya",2011-11-28,"http://reliefweb.int/node/461600"
"356","460713","Legal Specialist required for the Democratic Republic of Congo",2011-11-22,"http://reliefweb.int/node/460713"
"357","460680","Country Director - Democratic Republic of the Congo (217850-927)",2011-11-22,"http://reliefweb.int/node/460680"
"358","460231","Stagiaire Logistique - Congo Brazzaville",2011-11-18,"http://reliefweb.int/node/460231"
"359","459203","Country Director, Democratic People's Republic of Korea",2011-11-15,"http://reliefweb.int/node/459203"
"360","459151","Director, Congo Operation Center",2011-11-15,"http://reliefweb.int/node/459151"
"361","458881","Country Director in D.R. Congo",2011-11-14,"http://reliefweb.int/node/458881"
"362","458432","Logistician, DR Congo (863)",2011-11-10,"http://reliefweb.int/node/458432"
"363","458431","Field Accountant, DR Congo (987)",2011-11-10,"http://reliefweb.int/node/458431"
"364","457926","Advocacy Officer – World Vision Democratic Republic of the Congo",2011-11-08,"http://reliefweb.int/node/457926"
"365","457903","Head of Mission Democratic Republic of the Congo  - Radio La Benevolencija",2011-11-08,"http://reliefweb.int/node/457903"
"366","456622","Programme Development and Fundraiser Manager Republic of South Sudan",2011-11-01,"http://reliefweb.int/node/456622"
"367","456574","Finance Manager in D.R. Congo",2011-11-01,"http://reliefweb.int/node/456574"
"368","455974","DR Congo Eastern Regional Director",2011-10-28,"http://reliefweb.int/node/455974"
"369","455066","Programme Support Officer’ pour sa Mission en Republique Democratique du Congo",2011-10-25,"http://reliefweb.int/node/455066"
"370","453857","Field Location Manager Republic of South Sudan",2011-10-19,"http://reliefweb.int/node/453857"
"371","453375","DR Congo North-West Regional Director",2011-10-17,"http://reliefweb.int/node/453375"
"372","452695","CoP - Eastern Congo",2011-10-13,"http://reliefweb.int/node/452695"
"373","451927","MANAGER OPERATIONS D.R. CONGO",2011-10-11,"http://reliefweb.int/node/451927"
"374","451749","Head of Mission DR Congo Radio La Benevolencija",2011-10-10,"http://reliefweb.int/node/451749"
"375","451386","CONSEILLER TECHNIQUE/KINESITHERAPEUTE – KINSHASA - R.D. CONGO",2011-10-07,"http://reliefweb.int/node/451386"
"376","449522","Logistician, DR Congo (863)",2011-09-28,"http://reliefweb.int/node/449522"
"377","449498","Stagaire Finance - Congo Brazzaville",2011-09-28,"http://reliefweb.int/node/449498"
"378","445856","Chief of Party - Eastern Congo",2011-09-09,"http://reliefweb.int/node/445856"
"379","445419","Country Director, Kyrgyz Republic",2011-09-07,"http://reliefweb.int/node/445419"
"380","445331","Sector Programme Manager (secteur Agriculture) - RD CONGO",2011-09-07,"http://reliefweb.int/node/445331"
"381","444296","D R Congo - Area Coordinator",2011-09-01,"http://reliefweb.int/node/444296"
"382","444136","Food Security Specialist,  Juba, the Republic of South Sudan",2011-08-31,"http://reliefweb.int/node/444136"
"383","444109","Multiple Positions, Dominican Republic",2011-08-31,"http://reliefweb.int/node/444109"
"384","443692","Country Manager 3, Democratic Republic of Congo",2011-08-29,"http://reliefweb.int/node/443692"
"385","443686","Country Manager 3, Democratic Republic of Congo",2011-08-29,"http://reliefweb.int/node/443686"
"386","443337","Executive Director CURE Dominican Republic",2011-08-26,"http://reliefweb.int/node/443337"
"387","442890","DR CONGO - Programme Director",2011-08-24,"http://reliefweb.int/node/442890"
"388","442693","UNFPA Deputy Representative, Democratic Republic of Congo, ICS-12 (P-5)",2011-08-23,"http://reliefweb.int/node/442693"
"389","441370","Chief of Party, Dominican Republic",2011-08-17,"http://reliefweb.int/node/441370"
"390","441282","Consultancy for the evaluation of the Civil Society Fund for Governance in the Democratic Republic of Congo",2011-08-17,"http://reliefweb.int/node/441282"
"391","440827","Consultancy for Conducting a Rapid Obstetric Fistula Assessment in selected states of the Republic of South Sudan.",2011-08-15,"http://reliefweb.int/node/440827"
"392","440338","DR Congo - Food Security Project Manager",2011-08-11,"http://reliefweb.int/node/440338"
"393","439621","Financial Officer of the mission in Democratic republic of Congo",2011-08-08,"http://reliefweb.int/node/439621"
"394","438217","Directeur/Directrice Pays République Démocratique du Congo",2011-08-01,"http://reliefweb.int/node/438217"
"395","437842","ASSISTANT(E)ICT ET AUX APPROVISIONNEMENTS: Duty Station: Kaga Bandoro and Bossangoa: Central African Republic: Bangui.",2011-07-29,"http://reliefweb.int/node/437842"
"396","437625","D R Congo - Water & Sanitation Advisor",2011-07-28,"http://reliefweb.int/node/437625"
"397","435867","DR CONGO - Programme Director",2011-07-25,"http://reliefweb.int/node/435867"
"398","435843","Operation Support Manager D.R. Congo",2011-07-25,"http://reliefweb.int/node/435843"
"399","435514","Researcher on the Democratic Republic of Congo",2011-07-22,"http://reliefweb.int/node/435514"
"400","426516","Humanitarian Affairs Officer/Head of Sub-Office (P-4), Bunia, Democratic Republic of the Congo",2011-07-18,"http://reliefweb.int/node/426516"
"401","425676","Logistician, DR Congo (863)",2011-07-13,"http://reliefweb.int/node/425676"
"402","424499","Finance Management Specialist - Democratic Republic of Congo",2011-07-07,"http://reliefweb.int/node/424499"
"403","424498","Program Director - Relief Programs - Democratic Republic of Congo",2011-07-07,"http://reliefweb.int/node/424498"
"404","424234","Monitoring and Evaluation Specialist - Democratic Republic of Congo",2011-07-06,"http://reliefweb.int/node/424234"
"405","423140","Head of Mission - Caritas Czech Republic",2011-06-30,"http://reliefweb.int/node/423140"
"406","421968","Chief of Party, Republic of Georgia - Job 6597",2011-06-23,"http://reliefweb.int/node/421968"
"407","405225","Project Manager WASH - DR CONGO",2011-06-01,"http://reliefweb.int/node/405225"
"408","404972","Area Coordinator - DR CONGO",2011-05-31,"http://reliefweb.int/node/404972"
