"","data.list.id","title","date.created","url","country"
"7","633073","Food Security Livelihoods (FSL) Technical Adviser",2014-01-29,"http://reliefweb.int/node/633073","Iraq"
"8","632921","Rehabilitation & Inclusion Projects Technical Advisor",2014-01-28,"http://reliefweb.int/node/632921","Iraq"
"9","632598","Community Liaison Manager - Iraq",2014-01-27,"http://reliefweb.int/node/632598","Iraq"
"10","632468","Area Coordinator Dohuk Iraq",2014-01-27,"http://reliefweb.int/node/632468","Iraq"
"11","632460","Logistics and Procurement Coordinator – Erbil (Iraq)",2014-01-27,"http://reliefweb.int/node/632460","Iraq"
"12","632446","Director of Programme Operations",2014-01-27,"http://reliefweb.int/node/632446","Iraq"
"13","631619","Distribution Manager - Iraq",2014-01-23,"http://reliefweb.int/node/631619","Iraq"
"14","631615","Senior Camp Coordinator - Iraq",2014-01-23,"http://reliefweb.int/node/631615","Iraq"
"15","631612","Camp Coordinator - Iraq",2014-01-23,"http://reliefweb.int/node/631612","Iraq"
"16","630128","Legal Assistant",2014-01-17,"http://reliefweb.int/node/630128","Iraq"
"17","630127","Project Manager",2014-01-17,"http://reliefweb.int/node/630127","Iraq"
"18","629995","Country Logistic Manager - Iraq",2014-01-16,"http://reliefweb.int/node/629995","Iraq"
"19","629674","Regional Program Officer",2014-01-15,"http://reliefweb.int/node/629674","Iraq"
"20","629597","Cash Transfer Program Manager",2014-01-15,"http://reliefweb.int/node/629597","Iraq"
"21","629568","Supply Chain Coordinator",2014-01-15,"http://reliefweb.int/node/629568","Iraq"
"22","629095","Monitoring and Evaluation Director - Iraq",2014-01-13,"http://reliefweb.int/node/629095","Iraq"
"23","627135","B2B FIELD MANAGERS (4X) SPARK",2014-01-03,"http://reliefweb.int/node/627135","Iraq"
"24","626599","Field Coordinator",2013-12-31,"http://reliefweb.int/node/626599","Iraq"
"25","625462","Monitoring, Evaluation Manager",2013-12-23,"http://reliefweb.int/node/625462","Iraq"
"26","625431","Educate A Child Initiative Project Officer",2013-12-23,"http://reliefweb.int/node/625431","Iraq"
"27","625428","Outreach Officer “paid-Volunteer”,",2013-12-23,"http://reliefweb.int/node/625428","Iraq"
"28","625426","Administration, Finance and Logistic Officer",2013-12-23,"http://reliefweb.int/node/625426","Iraq"
"29","625424","Educate A Child Initiative Project Manager,",2013-12-23,"http://reliefweb.int/node/625424","Iraq"
"30","624983","Camp Manager Iraq",2013-12-20,"http://reliefweb.int/node/624983","Iraq"
"31","624736","Humanitarian Coordinator",2013-12-20,"http://reliefweb.int/node/624736","Iraq"
"32","624489","Shelter Project Manager - Iraq",2013-12-19,"http://reliefweb.int/node/624489","Iraq"
"33","623948","WASH Programme Manager - Iraq",2013-12-17,"http://reliefweb.int/node/623948","Iraq"
"34","623488","Supply and Contracting Specialist",2013-12-16,"http://reliefweb.int/node/623488","Iraq"
"35","623487","Monitoring & Evaluation Specialist",2013-12-16,"http://reliefweb.int/node/623487","Iraq"
"36","623500","Consultancy - SIDA PROJECT IMPACT EVALUATION",2013-12-16,"http://reliefweb.int/node/623500","Iraq"
"37","623069","Human Resources Manager – Kurdistan, Iraq",2013-12-13,"http://reliefweb.int/node/623069","Iraq"
"38","622898","Monitoring, Evaluation and Reporting Coordinator",2013-12-12,"http://reliefweb.int/node/622898","Iraq"
"39","622802","REACH Reporting Officer Iraq",2013-12-12,"http://reliefweb.int/node/622802","Iraq"
"40","622797","REACH Focal Point Iraq",2013-12-12,"http://reliefweb.int/node/622797","Iraq"
"41","622081","Project Manager",2013-12-10,"http://reliefweb.int/node/622081","Iraq"
"42","621888","Internal Auditor Compliance Controller Intern Iraq",2013-12-09,"http://reliefweb.int/node/621888","Iraq"
"43","621884","GIS Intern Iraq",2013-12-09,"http://reliefweb.int/node/621884","Iraq"
"44","621788","Reach Assessment Intern Iraq",2013-12-09,"http://reliefweb.int/node/621788","Iraq"
"45","621378","Child Protection Manager",2013-12-06,"http://reliefweb.int/node/621378","Iraq"
"46","621086","Advocacy Director - Iraq (218874-927)",2013-12-05,"http://reliefweb.int/node/621086","Iraq"
"47","620684","Advocacy Technical Support Advisor (LOCAL HIRE)",2013-12-04,"http://reliefweb.int/node/620684","Iraq"
"48","620691","Reporting Officer",2013-12-04,"http://reliefweb.int/node/620691","Iraq"
"49","620489","Senior Maternal, Newborn, and Child Health (MNCH) Technical Advisor",2013-12-03,"http://reliefweb.int/node/620489","Iraq"
"50","619912","Advocacy Assistant (LOCAL HIRE)",2013-12-02,"http://reliefweb.int/node/619912","Iraq"
"51","619909","Administrative Officer (LOCAL HIRE)",2013-12-02,"http://reliefweb.int/node/619909","Iraq"
"52","620127","Country Director - Iraq",2013-12-02,"http://reliefweb.int/node/620127","Iraq"
"53","620087","Monitoring and Evaluation Officer - Education",2013-12-02,"http://reliefweb.int/node/620087","Iraq"
"54","620091","FINANCE AND ADMINISTRATION MANAGER_ERBIL",2013-12-02,"http://reliefweb.int/node/620091","Iraq"
"55","619717","Program Director - Iraq",2013-11-29,"http://reliefweb.int/node/619717","Iraq"
"56","619576","Field Manager - Dohuk",2013-11-29,"http://reliefweb.int/node/619576","Iraq"
"57","619401","Camp Manager - Kurdistan Region of Iraq",2013-11-28,"http://reliefweb.int/node/619401","Iraq"
"58","618842","Women's Livelihood Program Manager, Kurdistan (1913)",2013-11-26,"http://reliefweb.int/node/618842","Iraq"
"59","618840","Area Coordinator, Kurdistan (1914)",2013-11-26,"http://reliefweb.int/node/618840","Iraq"
"60","618595","Country Director, Iraq",2013-11-25,"http://reliefweb.int/node/618595","Iraq"
"61","618298","Child Protection Specialist",2013-11-25,"http://reliefweb.int/node/618298","Iraq"
"62","618265","Office Manager/Basra (LOCAL HIRE)",2013-11-25,"http://reliefweb.int/node/618265","Iraq"
"63","618437","Iraq Coordinator",2013-11-25,"http://reliefweb.int/node/618437","Iraq"
"64","617909","Country Director",2013-11-22,"http://reliefweb.int/node/617909","Iraq"
"65","617761","External Relations Advisor-Iraq",2013-11-21,"http://reliefweb.int/node/617761","Iraq"
"66","617682","Security Adviser",2013-11-21,"http://reliefweb.int/node/617682","Iraq"
"67","617651","Deputy Country Operations Director (DCOD",2013-11-21,"http://reliefweb.int/node/617651","Iraq"
"68","617355","GIS Officer Iraq",2013-11-20,"http://reliefweb.int/node/617355","Iraq"
"69","617353","Area Coordinator Iraq",2013-11-20,"http://reliefweb.int/node/617353","Iraq"
"70","617267","Logistics and Procurement Officer - Iraq",2013-11-20,"http://reliefweb.int/node/617267","Iraq"
"71","615852","International Consultant for Teachers/PTAs Training",2013-11-14,"http://reliefweb.int/node/615852","Iraq"
"72","615855","Project Manager - CLT",2013-11-14,"http://reliefweb.int/node/615855","Iraq"
"73","615703","Project Manager - Erbil (Local applicants only)",2013-11-14,"http://reliefweb.int/node/615703","Iraq"
"74","615682","Programme Director Iraq",2013-11-14,"http://reliefweb.int/node/615682","Iraq"
"75","615344","Child Labour Assessment Report Writer- Individual consultant",2013-11-13,"http://reliefweb.int/node/615344","Iraq"
"76","614203","WASH Project Coordinator Kandala - Iraq",2013-11-08,"http://reliefweb.int/node/614203","Iraq"
"77","614270","Program Officer - Health 13-451",2013-11-08,"http://reliefweb.int/node/614270","Iraq"
"78","614267","Program Reporting Officer- Iraq  13-452",2013-11-08,"http://reliefweb.int/node/614267","Iraq"
"79","613978","WASH Program Manager- Iraq",2013-11-07,"http://reliefweb.int/node/613978","Iraq"
"80","613917","Senior Women’s Protection & Empowerment (WPE) Manager",2013-11-07,"http://reliefweb.int/node/613917","Iraq"
"81","613916","Finance Controller",2013-11-07,"http://reliefweb.int/node/613916","Iraq"
"82","613793","Finance Manager, Iraq",2013-11-06,"http://reliefweb.int/node/613793","Iraq"
"83","613068","Finance Assistant (LOCAL Hire)",2013-11-04,"http://reliefweb.int/node/613068","Iraq"
"84","612608","Education Project Manager",2013-10-31,"http://reliefweb.int/node/612608","Iraq"
"85","612614","Gender Based Violence (GBV) Project Manager",2013-10-31,"http://reliefweb.int/node/612614","Iraq"
"86","612603","Protection and Advocacy Adviser / Project Manager",2013-10-31,"http://reliefweb.int/node/612603","Iraq"
"87","612620","Shelter Project Manager",2013-10-31,"http://reliefweb.int/node/612620","Iraq"
"88","612385","Protection Programme Manager - Iraq",2013-10-30,"http://reliefweb.int/node/612385","Iraq"
"89","611935","INFORMATION MANAGEMENT CONSULTANT",2013-10-28,"http://reliefweb.int/node/611935","Iraq"
"90","611947","WASH Programme Manager - Iraq",2013-10-28,"http://reliefweb.int/node/611947","Iraq"
"91","611217","Infection Prevention and Control Manager",2013-10-24,"http://reliefweb.int/node/611217","Iraq"
"92","610740","Program Reporting Officer- Iraq 13-452",2013-10-22,"http://reliefweb.int/node/610740","Iraq"
"93","610739","Program Officer - Health 13-451",2013-10-22,"http://reliefweb.int/node/610739","Iraq"
"94","610657","Technical Advisor,Training Expert",2013-10-22,"http://reliefweb.int/node/610657","Iraq"
"95","610156","NGO Advisor/Basra (LOCAL)",2013-10-21,"http://reliefweb.int/node/610156","Iraq"
"96","610154","Program Assistant (LOCAL)",2013-10-21,"http://reliefweb.int/node/610154","Iraq"
"97","610152","Legal Education Development Advisor (LOCAL)",2013-10-21,"http://reliefweb.int/node/610152","Iraq"
"98","610151","Field Assistant",2013-10-21,"http://reliefweb.int/node/610151","Iraq"
"99","610382","Livelihoods Coordinator - Dohuk, Kurdistan Region of Iraq",2013-10-21,"http://reliefweb.int/node/610382","Iraq"
"100","609913","Cash and Voucher Expert",2013-10-18,"http://reliefweb.int/node/609913","Iraq"
"101","609524","GBV Specialist",2013-10-17,"http://reliefweb.int/node/609524","Iraq"
"102","609330","Executive Director - Independent Media Centre",2013-10-17,"http://reliefweb.int/node/609330","Iraq"
"103","609682","Shelter Manager - Kurdistan Region of Iraq",2013-10-17,"http://reliefweb.int/node/609682","Iraq"
"104","608877","The Colombo Plan Secretariat - ACCE PROGRAMME OFFICER",2013-10-14,"http://reliefweb.int/node/608877","Iraq"
"105","608882","The Colombo Plan Secretariat - ACCE TRAINERS",2013-10-14,"http://reliefweb.int/node/608882","Iraq"
"106","608726","Legal Advisor",2013-10-14,"http://reliefweb.int/node/608726","Iraq"
"107","608728","NGO Coordinator",2013-10-14,"http://reliefweb.int/node/608728","Iraq"
"108","608570","Internal Auditor Compliance Controller Intern Iraq",2013-10-11,"http://reliefweb.int/node/608570","Iraq"
"109","608168","NGO Legal Field Coordinator",2013-10-10,"http://reliefweb.int/node/608168","Iraq"
"110","608167","NGO Field Coordinator",2013-10-10,"http://reliefweb.int/node/608167","Iraq"
"111","607683","Volunteer- Program Reporting- Iraq  13-068",2013-10-08,"http://reliefweb.int/node/607683","Iraq"
"112","607532","WASH Manager",2013-10-08,"http://reliefweb.int/node/607532","Iraq"
"113","607531","Shelter and NFI Distribution Manager",2013-10-08,"http://reliefweb.int/node/607531","Iraq"
"114","607530","Response Team Leader",2013-10-08,"http://reliefweb.int/node/607530","Iraq"
"115","607528","Proposal and Info/Comms Coordinator",2013-10-08,"http://reliefweb.int/node/607528","Iraq"
"116","607526","Logistics Coordinator-Erbil",2013-10-08,"http://reliefweb.int/node/607526","Iraq"
"117","607525","Logistics Coordinator-Dohuk",2013-10-08,"http://reliefweb.int/node/607525","Iraq"
"118","607523","Human Resources Manager",2013-10-08,"http://reliefweb.int/node/607523","Iraq"
"119","607522","Field Manager",2013-10-08,"http://reliefweb.int/node/607522","Iraq"
"120","607519","Field Manager",2013-10-08,"http://reliefweb.int/node/607519","Iraq"
"121","607518","Education in Emergencies Coordinator",2013-10-08,"http://reliefweb.int/node/607518","Iraq"
"122","607515","Deputy Response Team Leader - Programmes",2013-10-08,"http://reliefweb.int/node/607515","Iraq"
"123","607512","Child Protection Manager",2013-10-08,"http://reliefweb.int/node/607512","Iraq"
"124","607510","Child Protection Manager",2013-10-08,"http://reliefweb.int/node/607510","Iraq"
"125","606762","Environmental Health Specialist, Primary Health Care Project Iraq, Baghdad",2013-10-04,"http://reliefweb.int/node/606762","Iraq"
"126","606729","Community Health Partnerships Team Leader (TL), Primary Health Care Project Iraq, Baghdad",2013-10-03,"http://reliefweb.int/node/606729","Iraq"
"127","606567","AME Officer Iraq",2013-10-03,"http://reliefweb.int/node/606567","Iraq"
"128","606400","Iraqi Center of Excellence for Government Short-Term Advisor, Iraq Administrative Reform Project",2013-10-02,"http://reliefweb.int/node/606400","Iraq"
"129","605759","Property Manager, Iraq Administrative Reform Project, Iraq",2013-09-30,"http://reliefweb.int/node/605759","Iraq"
"130","603337","Field Assistant",2013-09-26,"http://reliefweb.int/node/603337","Iraq"
"131","604843","WASH Officer (P-3)",2013-09-26,"http://reliefweb.int/node/604843","Iraq"
"132","604833","Health Coordinator (P-3)",2013-09-26,"http://reliefweb.int/node/604833","Iraq"
"133","604884","Mine Action Consultant – Risk Education on needs analysis, prioritization, planning, budgeting and fundraising.",2013-09-26,"http://reliefweb.int/node/604884","Iraq"
"134","604888","Handicap International is looking for : Physiotherapytrainer",2013-09-26,"http://reliefweb.int/node/604888","Iraq"
"135","604892","Handicap International is looking for : Prosthetics-Orthotics trainer",2013-09-26,"http://reliefweb.int/node/604892","Iraq"
"136","604738","Associate Director, Contracts & Compliance",2013-09-25,"http://reliefweb.int/node/604738","Iraq"
"137","604716","Program Officer I, TASAWI",2013-09-25,"http://reliefweb.int/node/604716","Iraq"
"138","604715","Program Manager I, TASAWI",2013-09-25,"http://reliefweb.int/node/604715","Iraq"
"139","604302","Project Manager",2013-09-24,"http://reliefweb.int/node/604302","Iraq"
"140","602763","Legal Education Development Advisor",2013-09-23,"http://reliefweb.int/node/602763","Iraq"
"141","603968","Baseline Survey, Follow-up and Learning Consultancy - Iraq",2013-09-23,"http://reliefweb.int/node/603968","Iraq"
"142","603964","EXPAT OCCUPATIONAL HEALTH DOCTOR",2013-09-23,"http://reliefweb.int/node/603964","Iraq"
"143","603963","EXPAT OCCUPATIONAL HEALTH DOCTOR",2013-09-23,"http://reliefweb.int/node/603963","Iraq"
"144","603962","EXPAT PARAMEDIC",2013-09-23,"http://reliefweb.int/node/603962","Iraq"
"145","603961","CHINESE REGISTERED PSYCHOLOGIST (English Speaking)",2013-09-23,"http://reliefweb.int/node/603961","Iraq"
"146","603958","EXPAT OCCUPATIONAL HEALTH NURSE",2013-09-23,"http://reliefweb.int/node/603958","Iraq"
"147","603957","EMERGENCY TRAINED IRAQI DOCTOR (English Speaking) X 4",2013-09-23,"http://reliefweb.int/node/603957","Iraq"
"148","603956","EMERGENCY TRAINED CHINESE DOCTOR (English Speaking )",2013-09-23,"http://reliefweb.int/node/603956","Iraq"
"149","603712","Handicap International is looking for : Consultant(s)For a Rapid Needs Assessment on the situation of Children, Youth and Adults with Disabilities",2013-09-20,"http://reliefweb.int/node/603712","Iraq"
"150","603026","2 WATER, SANITATION AND HYGIENE PROGRAM MANAGER  on Syrian refugies crisis – IRAK, Kurdistan – Erbil",2013-09-18,"http://reliefweb.int/node/603026","Iraq"
"151","602029","Head of Programmes – Iraq",2013-09-13,"http://reliefweb.int/node/602029","Iraq"
"152","601304","Child Protection Officer",2013-09-10,"http://reliefweb.int/node/601304","Iraq"
"153","601217","Deputy Country Director - Iraq",2013-09-10,"http://reliefweb.int/node/601217","Iraq"
"154","601105","Cash Assistance Project Manager - Iraq",2013-09-10,"http://reliefweb.int/node/601105","Iraq"
"155","600856","Consultancy: - Iraq",2013-09-09,"http://reliefweb.int/node/600856","Iraq"
"156","600401","Impact Assessor, Infrastructure Project Management Improvement, Iraq",2013-09-05,"http://reliefweb.int/node/600401","Iraq"
"157","600403","WASH Program Manager/Engineer- Iraq",2013-09-05,"http://reliefweb.int/node/600403","Iraq"
"158","600398","Enterprise Development and Training Consultant - Iraq",2013-09-05,"http://reliefweb.int/node/600398","Iraq"
"159","600396","AWAVE Small Grants Manager - Iraq",2013-09-05,"http://reliefweb.int/node/600396","Iraq"
"160","599288","Emergency Education Manager",2013-08-31,"http://reliefweb.int/node/599288","Iraq"
"161","599255","Program Director (Social Enterprise)",2013-08-30,"http://reliefweb.int/node/599255","Iraq"
"162","599001","WASH Coordinator",2013-08-29,"http://reliefweb.int/node/599001","Iraq"
"163","598998","Economic Recovery & Development Coordinator",2013-08-29,"http://reliefweb.int/node/598998","Iraq"
"164","598622","WASH Program Manager Iraq",2013-08-28,"http://reliefweb.int/node/598622","Iraq"
"165","598615","GIS Intern Iraq",2013-08-28,"http://reliefweb.int/node/598615","Iraq"
"166","598429","Community Policing Expert",2013-08-27,"http://reliefweb.int/node/598429","Iraq"
"167","598306","Business Development Services Training of Trainers Consultant - Iraq",2013-08-27,"http://reliefweb.int/node/598306","Iraq"
"168","598284","WASH Manager - Iraq",2013-08-27,"http://reliefweb.int/node/598284","Iraq"
"169","598282","Response Team Leader",2013-08-27,"http://reliefweb.int/node/598282","Iraq"
"170","598281","Emergency Child Protection Manager",2013-08-27,"http://reliefweb.int/node/598281","Iraq"
"171","598193","Decentralization Consultant, Tarabot, Iraq",2013-08-26,"http://reliefweb.int/node/598193","Iraq"
"172","598086","FLAT Intern Iraq",2013-08-26,"http://reliefweb.int/node/598086","Iraq"
"173","597439","Wash Coordinator",2013-08-22,"http://reliefweb.int/node/597439","Iraq"
"174","597054","Consultant for Lessons Learned collection, analysis and documentation - Iraq - Kurdistan Region",2013-08-21,"http://reliefweb.int/node/597054","Iraq"
"175","596800","Program Support Manager - Iraq Country Office",2013-08-20,"http://reliefweb.int/node/596800","Iraq"
"176","596478","Physiotherapy Trainer - Kurdistan Region, Iraq",2013-08-19,"http://reliefweb.int/node/596478","Iraq"
"177","596475","Prosthetics-Orthotics Trainer - Kurdistan Region, Iraq",2013-08-19,"http://reliefweb.int/node/596475","Iraq"
"178","596275","Welding Training Program Development Consultant",2013-08-16,"http://reliefweb.int/node/596275","Iraq"
"179","595926","M&E Specialist",2013-08-15,"http://reliefweb.int/node/595926","Iraq"
"180","595663","Child Protection Technical Specialist",2013-08-14,"http://reliefweb.int/node/595663","Iraq"
"181","595634","Health Coordinator",2013-08-14,"http://reliefweb.int/node/595634","Iraq"
"182","595207","Program Manager - Iraq",2013-08-13,"http://reliefweb.int/node/595207","Iraq"
"183","594845","Communications Advisor, Administrative Reform Project",2013-08-12,"http://reliefweb.int/node/594845","Iraq"
"184","594256","Finance and Administration Manager (FAM) Iraq",2013-08-07,"http://reliefweb.int/node/594256","Iraq"
"185","593920","Child Protection Consultant (Assessment)",2013-08-06,"http://reliefweb.int/node/593920","Iraq"
"186","593722","Women's Protection and Empowerment Senior Manager",2013-08-05,"http://reliefweb.int/node/593722","Iraq"
"187","593592","Technical Advisor - Advocacy - Iraq (218701-927)",2013-08-05,"http://reliefweb.int/node/593592","Iraq"
"188","593313","Women’s Protection and Empowerment Coordinator",2013-08-02,"http://reliefweb.int/node/593313","Iraq"
"189","592129","Area Coordinator Iraq",2013-07-29,"http://reliefweb.int/node/592129","Iraq"
"190","591881","Assessment Team Leader",2013-07-26,"http://reliefweb.int/node/591881","Iraq"
"191","591880","Marketing Specialist",2013-07-26,"http://reliefweb.int/node/591880","Iraq"
"192","591034","Senior Protection Coordinator",2013-07-23,"http://reliefweb.int/node/591034","Iraq"
"193","589658","Finance and Grants Manager",2013-07-17,"http://reliefweb.int/node/589658","Iraq"
"194","589657","Emergency Logistics Coordinator",2013-07-17,"http://reliefweb.int/node/589657","Iraq"
"195","589656","Emergency Education Manager",2013-07-17,"http://reliefweb.int/node/589656","Iraq"
"196","589655","Emergency Child Protection Manager",2013-07-17,"http://reliefweb.int/node/589655","Iraq"
"197","589379","Response Team Leader",2013-07-16,"http://reliefweb.int/node/589379","Iraq"
"198","587451","Child Protection Technical Specialist",2013-07-06,"http://reliefweb.int/node/587451","Iraq"
"199","587446","Smart Meter Training Specialist, Iraq",2013-07-05,"http://reliefweb.int/node/587446","Iraq"
"200","587442","Construction Training Specialist, Iraq",2013-07-05,"http://reliefweb.int/node/587442","Iraq"
"201","586954","Volunteer- Program Reporting- Iraq  13-068",2013-07-04,"http://reliefweb.int/node/586954","Iraq"
"202","586707","WASHE Programme Manager",2013-07-03,"http://reliefweb.int/node/586707","Iraq"
"203","586452","Administrator - Baghdad",2013-07-02,"http://reliefweb.int/node/586452","Iraq"
"204","586503","Information Manager",2013-07-02,"http://reliefweb.int/node/586503","Iraq"
"205","586507","Website Administrator",2013-07-02,"http://reliefweb.int/node/586507","Iraq"
"206","586451","Technical Field Manager - Mine Detection Dogs",2013-07-02,"http://reliefweb.int/node/586451","Iraq"
"207","584595","Curriculum Development Specialist",2013-06-24,"http://reliefweb.int/node/584595","Iraq"
"208","584513","Curriculum Authoring Specialist",2013-06-21,"http://reliefweb.int/node/584513","Iraq"
"209","584505","Local Consultant (Curriculum Development)",2013-06-21,"http://reliefweb.int/node/584505","Iraq"
"210","584509","Instructional Designer (Curriculum Development)",2013-06-21,"http://reliefweb.int/node/584509","Iraq"
"211","584484","Labor and Workforce Development Specialist, Iraq",2013-06-21,"http://reliefweb.int/node/584484","Iraq"
"212","584149","Consultant on Inclusive Development and Post-Conflict Recovery",2013-06-20,"http://reliefweb.int/node/584149","Iraq"
"213","583725","Head of mission - Iraq - Handicap International",2013-06-19,"http://reliefweb.int/node/583725","Iraq"
"214","583057","Volunteer- Program Reporting- Iraq 13-068",2013-06-14,"http://reliefweb.int/node/583057","Iraq"
"215","582721","Project Management Team Leader, Administrative Reform Project, Iraq",2013-06-13,"http://reliefweb.int/node/582721","Iraq"
"216","582659","Country Finance Manager Iraq",2013-06-13,"http://reliefweb.int/node/582659","Iraq"
"217","582657","Country Logistics Manager Iraq",2013-06-13,"http://reliefweb.int/node/582657","Iraq"
"218","582490","Internal Audit Consultant",2013-06-12,"http://reliefweb.int/node/582490","Iraq"
"219","582457","Technical Advisor I, Special Industries Brokering Employment",2013-06-12,"http://reliefweb.int/node/582457","Iraq"
"220","582447","Chief of Party (Project Director III)",2013-06-12,"http://reliefweb.int/node/582447","Iraq"
"221","581742","Vocational Training Programme Specialist",2013-06-10,"http://reliefweb.int/node/581742","Iraq"
"222","581329","MSF-SPAIN IS LOOKING FOR AN OBSTETRICIAN-GYNECOLOGIST BASED IN NAJAF/IRAQ",2013-06-06,"http://reliefweb.int/node/581329","Iraq"
"223","581090","Consultancy - Iraq",2013-06-06,"http://reliefweb.int/node/581090","Iraq"
"224","581087","External Relations National Consultants",2013-06-06,"http://reliefweb.int/node/581087","Iraq"
"225","580889","Deputy Chief of Party (Iraq)",2013-06-05,"http://reliefweb.int/node/580889","Iraq"
"226","579982","Short Term Partnership and NGO Capacity Building Consultant: Protection, CYPD & WPE",2013-05-31,"http://reliefweb.int/node/579982","Iraq"
"227","579851","OT NURSE",2013-05-31,"http://reliefweb.int/node/579851","Iraq"
"228","579830","PROJECT COORDINATOR",2013-05-31,"http://reliefweb.int/node/579830","Iraq"
"229","579224","Livelihoods Technical Specialist",2013-05-29,"http://reliefweb.int/node/579224","Iraq"
"230","579061","International Operations Manager ICS-10 (equivalent to P-3)",2013-05-28,"http://reliefweb.int/node/579061","Iraq"
"231","578406","Community Liaison Manager - Iraq",2013-05-24,"http://reliefweb.int/node/578406","Iraq"
"232","577557","Life Skills & Sponsorship Manager",2013-05-21,"http://reliefweb.int/node/577557","Iraq"
"233","575707","Biological Safety and Security Specialists, Iraq",2013-05-13,"http://reliefweb.int/node/575707","Iraq"
"234","575359","Humanitarian Programme Coordinator, Erbil, Iraq, Arab States Regional Office, ICS-10, P-3,. Temporary Appointment",2013-05-10,"http://reliefweb.int/node/575359","Iraq"
"235","574538","Security Adviser",2013-05-08,"http://reliefweb.int/node/574538","Iraq"
"236","574250","Senior Technical Advisor (Expat)",2013-05-07,"http://reliefweb.int/node/574250","Iraq"
"237","574035","Deputy Director of Operations",2013-05-06,"http://reliefweb.int/node/574035","Iraq"
"238","574009","Livelihood Advocacy Officer - Iraq (non-family duty station)",2013-05-06,"http://reliefweb.int/node/574009","Iraq"
"239","572670","Finance Associate",2013-04-30,"http://reliefweb.int/node/572670","Iraq"
"240","572465","Area Coordinator Iraq",2013-04-29,"http://reliefweb.int/node/572465","Iraq"
"241","572447","Handicap International is looking for a head of mission Iraq (Kurdistan)",2013-04-29,"http://reliefweb.int/node/572447","Iraq"
"242","571830","Evaluation Consultant",2013-04-25,"http://reliefweb.int/node/571830","Iraq"
"243","571400","Human Rights Consultant",2013-04-24,"http://reliefweb.int/node/571400","Iraq"
"244","571082","Sr Program Director, Broadening Participation through Civil Society Iraq (218555-927)",2013-04-23,"http://reliefweb.int/node/571082","Iraq"
"245","570332","Technical Advisor II, Labor & Workforce Development",2013-04-18,"http://reliefweb.int/node/570332","Iraq"
"246","569801","RFP for an International Specialized Consultancy to Provide Technical Trainings and Consultancy support on GRB",2013-04-17,"http://reliefweb.int/node/569801","Iraq"
"247","569392","Workforce Development Expert",2013-04-15,"http://reliefweb.int/node/569392","Iraq"
"248","569244","Site Planner Construction Coordinator Iraq",2013-04-15,"http://reliefweb.int/node/569244","Iraq"
"249","569240","Community Mobilization Officer",2013-04-15,"http://reliefweb.int/node/569240","Iraq"
"250","569239","Camp Operation Manager Iraq",2013-04-15,"http://reliefweb.int/node/569239","Iraq"
"251","569237","Camp Coordinator Focal Point Iraq",2013-04-15,"http://reliefweb.int/node/569237","Iraq"
"252","568972","REACH Assessment Officer Iraq",2013-04-12,"http://reliefweb.int/node/568972","Iraq"
"253","568971","GIS Officer Iraq",2013-04-12,"http://reliefweb.int/node/568971","Iraq"
"254","568969","AME Officer Iraq",2013-04-12,"http://reliefweb.int/node/568969","Iraq"
"255","568967","FLAT Officer Iraq",2013-04-12,"http://reliefweb.int/node/568967","Iraq"
"256","568965","Project Development Manager Iraq",2013-04-12,"http://reliefweb.int/node/568965","Iraq"
"257","568961","Logistics Security Manager Iraq",2013-04-12,"http://reliefweb.int/node/568961","Iraq"
"258","568952","Reporting Intern Iraq",2013-04-12,"http://reliefweb.int/node/568952","Iraq"
"259","568464","Technical Specialist – Survey and Data Analysis - Iraq",2013-04-10,"http://reliefweb.int/node/568464","Iraq"
"260","568449","Survey Program Manager - Iraq",2013-04-10,"http://reliefweb.int/node/568449","Iraq"
"261","568440","Statistician/Analyst - Iraq",2013-04-10,"http://reliefweb.int/node/568440","Iraq"
"262","567896","Training Team Leader, Ministry of Education Training Program, Iraq",2013-04-09,"http://reliefweb.int/node/567896","Iraq"
"263","567983","Consultancy with emphasis on finance - Iraq",2013-04-09,"http://reliefweb.int/node/567983","Iraq"
"264","567980","Consultancy - Iraq",2013-04-09,"http://reliefweb.int/node/567980","Iraq"
"265","567972","Consultancy - Iraq",2013-04-09,"http://reliefweb.int/node/567972","Iraq"
"266","567362","Final Project Evaluation Consultant",2013-04-05,"http://reliefweb.int/node/567362","Iraq"
"267","567361","Final Project Evaluation Consultant",2013-04-05,"http://reliefweb.int/node/567361","Iraq"
"268","567359","GIS Intern Kurdistan",2013-04-05,"http://reliefweb.int/node/567359","Iraq"
"269","567142","External Relations Specialist",2013-04-04,"http://reliefweb.int/node/567142","Iraq"
"270","567140","External Relations Specialist - Iraq",2013-04-04,"http://reliefweb.int/node/567140","Iraq"
"271","566096","Warehouse Support",2013-03-29,"http://reliefweb.int/node/566096","Iraq"
"272","566080","National MSME Specialist",2013-03-29,"http://reliefweb.int/node/566080","Iraq"
"273","566076","National Project Specialist",2013-03-29,"http://reliefweb.int/node/566076","Iraq"
"274","566075","National Civil Engineer",2013-03-29,"http://reliefweb.int/node/566075","Iraq"
"275","566072","Civil Engineer",2013-03-29,"http://reliefweb.int/node/566072","Iraq"
"276","566070","Project Finance Management Advisor",2013-03-29,"http://reliefweb.int/node/566070","Iraq"
"277","566067","Communications & Asset Management Advisor",2013-03-29,"http://reliefweb.int/node/566067","Iraq"
"278","566063","MSME Senior Expert",2013-03-29,"http://reliefweb.int/node/566063","Iraq"
"279","566057","Vocational Training Advisor",2013-03-29,"http://reliefweb.int/node/566057","Iraq"
"280","566056","Project Management Engineer",2013-03-29,"http://reliefweb.int/node/566056","Iraq"
"281","565695","International Operations Manager, Iraq, ICS-10 (P-3)",2013-03-27,"http://reliefweb.int/node/565695","Iraq"
"282","565366","Community outreach and citizen participation specialist",2013-03-26,"http://reliefweb.int/node/565366","Iraq"
"283","565277","IT SALES (BUSINESS DEVELOPMENT)",2013-03-26,"http://reliefweb.int/node/565277","Iraq"
"284","564612","Finance Manager Iraq and Syria",2013-03-22,"http://reliefweb.int/node/564612","Iraq"
"285","564458","Short-Term Automation Advisor/IMS Developer, Tarabot: Iraq Administrative Reform Project, Baghdad, Iraq",2013-03-21,"http://reliefweb.int/node/564458","Iraq"
"286","562353","Reports and Resource Mobilization Specialist",2013-03-13,"http://reliefweb.int/node/562353","Iraq"
"287","562335","Emergency C4D Specialist",2013-03-13,"http://reliefweb.int/node/562335","Iraq"
"288","562052","National Finance Officer",2013-03-12,"http://reliefweb.int/node/562052","Iraq"
"289","562150","Area Coordinator Iraq",2013-03-12,"http://reliefweb.int/node/562150","Iraq"
"290","560770","DRC Business Developer - Iraq",2013-03-06,"http://reliefweb.int/node/560770","Iraq"
"291","560769","DDG Business Developer - Iraq",2013-03-06,"http://reliefweb.int/node/560769","Iraq"
"292","560025","Organizational Management Specialist-Iraq",2013-03-01,"http://reliefweb.int/node/560025","Iraq"
"293","559658","Finance, Grants, and Procurement Officer - Iraq",2013-02-28,"http://reliefweb.int/node/559658","Iraq"
"294","559618","Nurse",2013-02-28,"http://reliefweb.int/node/559618","Iraq"
"295","559613","Medical Officer",2013-02-28,"http://reliefweb.int/node/559613","Iraq"
"296","558886","Volunteer- Program Reporting- Iraq 13-068",2013-02-25,"http://reliefweb.int/node/558886","Iraq"
"297","557691","Evaluation Specialist- Short Term- Mid-Level",2013-02-20,"http://reliefweb.int/node/557691","Iraq"
"298","557690","Evaluation Specialist- Short Term-Senior Level",2013-02-20,"http://reliefweb.int/node/557690","Iraq"
"299","557877","Finance and Administration Manager (FAM) - Iraq",2013-02-20,"http://reliefweb.int/node/557877","Iraq"
"300","557649","Resident Senior Program Manager, Governance Program (IRAQ)",2013-02-19,"http://reliefweb.int/node/557649","Iraq"
"301","556572","GIS Intern IRaq",2013-02-14,"http://reliefweb.int/node/556572","Iraq"
"302","556571","GIS Intern IRaq",2013-02-14,"http://reliefweb.int/node/556571","Iraq"
"303","556427","Senior M&E Specialist",2013-02-13,"http://reliefweb.int/node/556427","Iraq"
"304","556148","Executive Officer",2013-02-12,"http://reliefweb.int/node/556148","Iraq"
"305","556110","Senior Monitoring & Evaluation (M&E) Specialist (local hire)",2013-02-12,"http://reliefweb.int/node/556110","Iraq"
"306","556106","Technical and Management Consultants (local hires - Mid-level to Senior-level)",2013-02-12,"http://reliefweb.int/node/556106","Iraq"
"307","554385","Country Director",2013-02-04,"http://reliefweb.int/node/554385","Iraq"
"308","554075","Chief of Party Iraq Mission Wide M&E",2013-02-04,"http://reliefweb.int/node/554075","Iraq"
"309","554076","Senior Monitoring & Evaluation Specialist Mission Wide M&E",2013-02-04,"http://reliefweb.int/node/554076","Iraq"
"310","554061","Emergency response roles - Syria region",2013-02-02,"http://reliefweb.int/node/554061","Iraq"
"311","551545","Monitoring, Evaluation and Reporting Coordinator",2013-01-22,"http://reliefweb.int/node/551545","Iraq"
"312","550848","Project Manager (Support Services) - Iraq",2013-01-18,"http://reliefweb.int/node/550848","Iraq"
"313","550028","Logistics Security Manager Iraq",2013-01-15,"http://reliefweb.int/node/550028","Iraq"
"314","549810","Technical Advisor I, Special Industries Brokering Employment",2013-01-14,"http://reliefweb.int/node/549810","Iraq"
"315","549455","Grants and Information Officer, Iraq",2013-01-11,"http://reliefweb.int/node/549455","Iraq"
"316","548930","Deputy Team Leader",2013-01-10,"http://reliefweb.int/node/548930","Iraq"
"317","548929","Short-term Expert for IT Network Development",2013-01-10,"http://reliefweb.int/node/548929","Iraq"
"318","548927","IT Systems Experts (short term)",2013-01-10,"http://reliefweb.int/node/548927","Iraq"
"319","548926","Short-term Experts in Training and Institution Building",2013-01-10,"http://reliefweb.int/node/548926","Iraq"
"320","548666","Team Leader",2013-01-10,"http://reliefweb.int/node/548666","Iraq"
"321","548785","Capacity Building Manager, Protection",2013-01-09,"http://reliefweb.int/node/548785","Iraq"
"322","548231","Process Development Specialist—Administrative Decentralization, Iraq Administrative Reform Program, Baghdad, Iraq",2013-01-07,"http://reliefweb.int/node/548231","Iraq"
"323","548230","Chief of Party, Iraq Workforce Development",2013-01-07,"http://reliefweb.int/node/548230","Iraq"
"324","548219","Process Development Advisor—Administrative Decentralization, Iraq Administrative Reform Program, Baghdad, Iraq",2013-01-07,"http://reliefweb.int/node/548219","Iraq"
"325","548024","SWE Consultant (Social Work Education)",2013-01-07,"http://reliefweb.int/node/548024","Iraq"
"326","547169","Camp Management Coordinator",2012-12-31,"http://reliefweb.int/node/547169","Iraq"
"327","547145","Monitoring and Evaluation Director",2012-12-31,"http://reliefweb.int/node/547145","Iraq"
"328","547140","Senior Quality Clinical Care Advisor",2012-12-31,"http://reliefweb.int/node/547140","Iraq"
"329","546928","GIS/ Database Officer Iraq",2012-12-28,"http://reliefweb.int/node/546928","Iraq"
"330","546896","Country Finance Manager",2012-12-28,"http://reliefweb.int/node/546896","Iraq"
"331","546606","Area Coordinator Erbil",2012-12-26,"http://reliefweb.int/node/546606","Iraq"
"332","546419","Protection Program Manager Iraq",2012-12-24,"http://reliefweb.int/node/546419","Iraq"
"333","545960","MSF-Spain is looking for BIOMEDICAL TECHNICAL LOGISTICIAN (Najaf, Iraq)",2012-12-21,"http://reliefweb.int/node/545960","Iraq"
"334","545315","Sustainable Tourism development expert",2012-12-19,"http://reliefweb.int/node/545315","Iraq"
"335","544757","RFP for the development and production of a play on violence against women",2012-12-17,"http://reliefweb.int/node/544757","Iraq"
"336","544755","RFP TO COMPILE A COMPENDIUM OF LEGAL SERVICES AVAILABLE TO VICTIMS OF DOMESTIC VIOLENCE",2012-12-17,"http://reliefweb.int/node/544755","Iraq"
"337","544751","RFP To undertake a gender sensitization training of Iraqi",2012-12-17,"http://reliefweb.int/node/544751","Iraq"
"338","543341","Security Adviser - Iraq",2012-12-11,"http://reliefweb.int/node/543341","Iraq"
"339","543162","Training of Trainers Advisor, Administrative Reform Project, Baghdad, Iraq",2012-12-10,"http://reliefweb.int/node/543162","Iraq"
"340","542464","Protection and Advocacy Manager",2012-12-06,"http://reliefweb.int/node/542464","Iraq"
"341","542307","Logistics Officer - Call for Expressions of Interest",2012-12-06,"http://reliefweb.int/node/542307","Iraq"
"342","542177","Convention on the Rights of People with Disabilities (CRPD) Consultant",2012-12-05,"http://reliefweb.int/node/542177","Iraq"
"343","540951","Sr. Quality Clinical Care Advisor",2012-11-30,"http://reliefweb.int/node/540951","Iraq"
"344","540950","Director, Monitoring and Evaluation",2012-11-30,"http://reliefweb.int/node/540950","Iraq"
"345","540991","Internally Displaced People (IDP) Specialist",2012-11-30,"http://reliefweb.int/node/540991","Iraq"
"346","541002","Data Entry Specialist",2012-11-30,"http://reliefweb.int/node/541002","Iraq"
"347","541015","Monitoring and Evaluation Coordinator",2012-11-30,"http://reliefweb.int/node/541015","Iraq"
"348","541025","Human Resources Specialist",2012-11-30,"http://reliefweb.int/node/541025","Iraq"
"349","541038","Accountant",2012-11-30,"http://reliefweb.int/node/541038","Iraq"
"350","541043","Bookkeeper",2012-11-30,"http://reliefweb.int/node/541043","Iraq"
"351","541049","Director of Operations and Security",2012-11-30,"http://reliefweb.int/node/541049","Iraq"
"352","541006","Procurement Specialist",2012-11-30,"http://reliefweb.int/node/541006","Iraq"
"353","540672","Health Management Information System Advisor, Primary Health Care Project (PHCPI), Baghdad, Iraq",2012-11-29,"http://reliefweb.int/node/540672","Iraq"
"354","540653","Project Manager - Culture",2012-11-29,"http://reliefweb.int/node/540653","Iraq"
"355","540647","National Programme Officer - Culture",2012-11-29,"http://reliefweb.int/node/540647","Iraq"
"356","540248","Reach Focal Point Iraq",2012-11-28,"http://reliefweb.int/node/540248","Iraq"
"357","540238","Area Coordinator Arbil Iraq",2012-11-28,"http://reliefweb.int/node/540238","Iraq"
"358","539980","Public relations advisor",2012-11-27,"http://reliefweb.int/node/539980","Iraq"
"359","539867","Programme Manager, P-6, (Baghdad), Deadline: 7 December 2012 - TEMPORARY VACANCY ANNOUNCEMENT",2012-11-27,"http://reliefweb.int/node/539867","Iraq"
"360","539809","Partner Security Liaison Advisor",2012-11-26,"http://reliefweb.int/node/539809","Iraq"
"361","539627","Project Manager Shelter - Iraq",2012-11-26,"http://reliefweb.int/node/539627","Iraq"
"362","539626","Project Manager WASH - Iraq",2012-11-26,"http://reliefweb.int/node/539626","Iraq"
"363","538807","Programme Officer",2012-11-21,"http://reliefweb.int/node/538807","Iraq"
"364","537915","Chief Executive Officer",2012-11-19,"http://reliefweb.int/node/537915","Iraq"
"365","538052","Child protection reporting consultant - Justice for Children.",2012-11-19,"http://reliefweb.int/node/538052","Iraq"
"366","537846","Human Resources and Administration Director",2012-11-17,"http://reliefweb.int/node/537846","Iraq"
"367","537836","Component II Executive Oversight Team Leader",2012-11-16,"http://reliefweb.int/node/537836","Iraq"
"368","537383","Child Protection Program Manager - Iraq Country Office",2012-11-15,"http://reliefweb.int/node/537383","Iraq"
"369","537240","Strategic Planning Consultant",2012-11-14,"http://reliefweb.int/node/537240","Iraq"
"370","537219","Education Coordinator, Inclusion Specialist",2012-11-14,"http://reliefweb.int/node/537219","Iraq"
"371","537217","Education ICT (Information, Communication and Technology) Specialist",2012-11-14,"http://reliefweb.int/node/537217","Iraq"
"372","537213","Grants Manager",2012-11-14,"http://reliefweb.int/node/537213","Iraq"
"373","537177","DIRECTOR OF PROGRAMME OPERATIONS -Iraq Country Office",2012-11-14,"http://reliefweb.int/node/537177","Iraq"
"374","537084","Investigative Journalism Trainer - International",2012-11-14,"http://reliefweb.int/node/537084","Iraq"
"375","536897","Prosthetics-Orthotics trainer - Iraq",2012-11-13,"http://reliefweb.int/node/536897","Iraq"
"376","536520","Simultaneous Translators (02 positions)",2012-11-12,"http://reliefweb.int/node/536520","Iraq"
"377","536358","Emergency Response: Response Team Leader, Syria region",2012-11-10,"http://reliefweb.int/node/536358","Iraq"
"378","535982","WLIFT Program Director",2012-11-08,"http://reliefweb.int/node/535982","Iraq"
"379","535662","Organizational Management Specialist-Iraq",2012-11-07,"http://reliefweb.int/node/535662","Iraq"
"380","534795","Country Director - Iraq",2012-11-02,"http://reliefweb.int/node/534795","Iraq"
"381","534615","Director, Civil Service Reform, Baghdad, Iraq",2012-11-01,"http://reliefweb.int/node/534615","Iraq"
"382","534599","International Consultant – HIGHER TECHNICAL EDUCATION EXPERT",2012-11-01,"http://reliefweb.int/node/534599","Iraq"
"383","534597","International Consultant – HIGHER EDUCATION & SCIENTIFIC RESEARCH EXPERT",2012-11-01,"http://reliefweb.int/node/534597","Iraq"
"384","534596","International Consultant – E-GOVERNANCE & MODERN TECHNOLOGY (ICT) EXPERT",2012-11-01,"http://reliefweb.int/node/534596","Iraq"
"385","534595","International Consultant – ADMINISTRATIVE LAW EXPERT",2012-11-01,"http://reliefweb.int/node/534595","Iraq"
"386","534594","International Consultant – ADMINISTRATIVE EXPERT",2012-11-01,"http://reliefweb.int/node/534594","Iraq"
"387","534290","Information Technology Advisor, Baghdad, Iraq",2012-10-31,"http://reliefweb.int/node/534290","Iraq"
"388","534048","Programme Coordinator",2012-10-30,"http://reliefweb.int/node/534048","Iraq"
"389","534051","ICT platform – consultants/institutions - Iraq",2012-10-30,"http://reliefweb.int/node/534051","Iraq"
"390","533826","Head of Programme – Iraq",2012-10-29,"http://reliefweb.int/node/533826","Iraq"
"391","533067","Senior Specialists – Iraq Development Management System, Administrative Decentralization, Basra and Kirkuk",2012-10-24,"http://reliefweb.int/node/533067","Iraq"
"392","532703","Consultancy Assignment with UNICEF Iraq",2012-10-23,"http://reliefweb.int/node/532703","Iraq"
"393","532790","Strategic Communication and Media Relations Consultant",2012-10-23,"http://reliefweb.int/node/532790","Iraq"
"394","532789","Electoral Antifraud Consultant",2012-10-23,"http://reliefweb.int/node/532789","Iraq"
"395","532783","Strategic Planning Consultant",2012-10-23,"http://reliefweb.int/node/532783","Iraq"
"396","532564","Senior e-Governance Consultant",2012-10-22,"http://reliefweb.int/node/532564","Iraq"
"397","532489","CONSULTANCY: Durable Solution and Service Mapping Consultant - Iraq",2012-10-22,"http://reliefweb.int/node/532489","Iraq"
"398","532397","Reports and Communications Specialist - Iraq (218301-927)",2012-10-22,"http://reliefweb.int/node/532397","Iraq"
"399","532303","Consultant - Technical Advisor – Land Governance & Urban Planning, (Baghdad - Iraq),Deadline:31 October 2012",2012-10-21,"http://reliefweb.int/node/532303","Iraq"
"400","532153","Rule of Law Expert — Access to Justice Midterm Evaluation (Iraq)",2012-10-19,"http://reliefweb.int/node/532153","Iraq"
"401","531113","COUNTRY DIRECTOR – Iraq",2012-10-16,"http://reliefweb.int/node/531113","Iraq"
"402","530822","Deputy Country Director (DCD) Iraq (218295-927)",2012-10-15,"http://reliefweb.int/node/530822","Iraq"
"403","530673","Finance Director, Iraq",2012-10-13,"http://reliefweb.int/node/530673","Iraq"
"404","530604","Monitoring and Evaluation Specialist, Education Sector Strengthening Project, Iraq",2012-10-12,"http://reliefweb.int/node/530604","Iraq"
"405","530332","Team Leader/Evaluation Expert — Access to Justice Midterm Evaluation (Iraq)",2012-10-11,"http://reliefweb.int/node/530332","Iraq"
"406","529901","International consultancy to support the implementation of the Monitoring, Reporting and Response mechanism to grave child rights violations (MRM)",2012-10-10,"http://reliefweb.int/node/529901","Iraq"
"407","529693","WLIFT Program Director",2012-10-09,"http://reliefweb.int/node/529693","Iraq"
"408","529254","National Security Assistant",2012-10-07,"http://reliefweb.int/node/529254","Iraq"
"409","529221","Emergency Response (HR and Finance) - Syria region",2012-10-06,"http://reliefweb.int/node/529221","Iraq"
"410","528949","Health Human Resources Advisor (Short-term), Primary Health Care Project, Baghdad, Iraq",2012-10-04,"http://reliefweb.int/node/528949","Iraq"
"411","528659","Pharmaceutical Management Advisor (Short-term), Primary Health Care Project, Baghdad",2012-10-03,"http://reliefweb.int/node/528659","Iraq"
"412","528341","WLIFT Program Director",2012-10-02,"http://reliefweb.int/node/528341","Iraq"
"413","527938","National Programme Officer - Education",2012-10-01,"http://reliefweb.int/node/527938","Iraq"
"414","527707","Director, Civil Service Reform Baghdad, Iraq",2012-09-28,"http://reliefweb.int/node/527707","Iraq"
"415","527418","Senior Advisor in Public Policy (Short Term), Administrative Reform Project, Baghdad, Iraq",2012-09-27,"http://reliefweb.int/node/527418","Iraq"
"416","526745","Project Manager – Civil Society Development",2012-09-25,"http://reliefweb.int/node/526745","Iraq"
"417","526667","Women’s Protection & Empowerment (GBV) Manager",2012-09-24,"http://reliefweb.int/node/526667","Iraq"
"418","526665","Protection Manager",2012-09-24,"http://reliefweb.int/node/526665","Iraq"
"419","526664","Finance Controller",2012-09-24,"http://reliefweb.int/node/526664","Iraq"
"420","526139","YOUTH LIVELIHOODS PROGRAM MANAGER, Iraq Country Office",2012-09-21,"http://reliefweb.int/node/526139","Iraq"
"421","526136","Field Office Director - Iraq Country Office",2012-09-21,"http://reliefweb.int/node/526136","Iraq"
"422","525653","Finance Controller",2012-09-19,"http://reliefweb.int/node/525653","Iraq"
"423","525633","Income Generation Manager",2012-09-19,"http://reliefweb.int/node/525633","Iraq"
"424","525227","Reporting intern Iraq",2012-09-18,"http://reliefweb.int/node/525227","Iraq"
"425","525072","Project Manager - Iraq",2012-09-17,"http://reliefweb.int/node/525072","Iraq"
"426","524957","Director, Public Policy and Administration Baghdad, Iraq",2012-09-17,"http://reliefweb.int/node/524957","Iraq"
"427","524628","Country Director",2012-09-14,"http://reliefweb.int/node/524628","Iraq"
"428","524231","Field Programme Assistant",2012-09-13,"http://reliefweb.int/node/524231","Iraq"
"429","524013","Corruption Performance reviewer",2012-09-12,"http://reliefweb.int/node/524013","Iraq"
"430","523890","Corruption Investigator",2012-09-12,"http://reliefweb.int/node/523890","Iraq"
"431","523691","CPIE (Training) Expert",2012-09-11,"http://reliefweb.int/node/523691","Iraq"
"432","523624","Corruption Inspector",2012-09-11,"http://reliefweb.int/node/523624","Iraq"
"433","523217","CSOs Empowerment (Facilitator)",2012-09-09,"http://reliefweb.int/node/523217","Iraq"
"434","523216","CSOs Empowerment (Specialist)",2012-09-09,"http://reliefweb.int/node/523216","Iraq"
"435","523215","CSOs Empowerment (Team Leader)",2012-09-09,"http://reliefweb.int/node/523215","Iraq"
"436","522754","Security evaluation - IRAQ",2012-09-06,"http://reliefweb.int/node/522754","Iraq"
"437","522377","Project Manager - National Empowerment Programme - Iraq",2012-09-05,"http://reliefweb.int/node/522377","Iraq"
"438","521801","Electrical Engineering Consultant",2012-09-02,"http://reliefweb.int/node/521801","Iraq"
"439","521734","Public Expenditure in Iraq (National Consultant)",2012-09-01,"http://reliefweb.int/node/521734","Iraq"
"440","521733","Public Sector Management in Iraq (National Consultant)",2012-09-01,"http://reliefweb.int/node/521733","Iraq"
"441","521729","IMCO Finance Manager",2012-09-01,"http://reliefweb.int/node/521729","Iraq"
"442","521623","Monitoring and Evaluation Specialist, Iraq",2012-08-31,"http://reliefweb.int/node/521623","Iraq"
"443","521291","Executive Coordinator",2012-08-30,"http://reliefweb.int/node/521291","Iraq"
"444","521263","Roving National Monitoring Officer (4 positions)",2012-08-30,"http://reliefweb.int/node/521263","Iraq"
"445","521261","Project Manager",2012-08-30,"http://reliefweb.int/node/521261","Iraq"
"446","520994","Country Director - Iraq",2012-08-29,"http://reliefweb.int/node/520994","Iraq"
"447","520883","Local Project Coordinator",2012-08-29,"http://reliefweb.int/node/520883","Iraq"
"448","520681","Sports Coordinator, Iraq (1295)",2012-08-28,"http://reliefweb.int/node/520681","Iraq"
"449","520679","Program Coordinator, Health Administration, Iraq (1294)",2012-08-28,"http://reliefweb.int/node/520679","Iraq"
"450","520677","Program Coordinator, Education, Iraq (1284)",2012-08-28,"http://reliefweb.int/node/520677","Iraq"
"451","520636","Prosthetics-Orthotics trainer",2012-08-28,"http://reliefweb.int/node/520636","Iraq"
"452","520585","Operations Manager Mine Action",2012-08-28,"http://reliefweb.int/node/520585","Iraq"
"453","520584","Technical Advisor Mine Action",2012-08-28,"http://reliefweb.int/node/520584","Iraq"
"454","520196","Expert/Senior Specialist in Planning and Budgeting",2012-08-25,"http://reliefweb.int/node/520196","Iraq"
"455","520195","Specialist in Planning and Budgeting",2012-08-25,"http://reliefweb.int/node/520195","Iraq"
"456","520193","Junior Specialist in Planning and Budgeting",2012-08-25,"http://reliefweb.int/node/520193","Iraq"
"457","519150","Finance Manager – MSME Finance",2012-08-21,"http://reliefweb.int/node/519150","Iraq"
"458","519078","Expert in Public Expenditure (National Consultant)",2012-08-21,"http://reliefweb.int/node/519078","Iraq"
"459","519077","Expert in Public Sector Management (National Consultant)",2012-08-21,"http://reliefweb.int/node/519077","Iraq"
"460","519076","Public Sector Management (International Consultant)",2012-08-21,"http://reliefweb.int/node/519076","Iraq"
"461","518486","Safety and Security Manager - Iraq",2012-08-17,"http://reliefweb.int/node/518486","Iraq"
"462","517597","Country Director Iraq",2012-08-14,"http://reliefweb.int/node/517597","Iraq"
"463","517581","COUNTRY DIRECTOR – Iraq",2012-08-14,"http://reliefweb.int/node/517581","Iraq"
"464","517439","Regional M&E Specialists:  Baghdad, Hilla, Basra and Kirkuk, Iraq",2012-08-13,"http://reliefweb.int/node/517439","Iraq"
"465","516742","Monitoring and Evaluation Specialist, Legislative Strengthening of the National Assembly Program, Abidjan, Cote d’Ivoire",2012-08-09,"http://reliefweb.int/node/516742","Iraq"
"466","516712","Director of Finance and Administration, Tarabot Iraq",2012-08-09,"http://reliefweb.int/node/516712","Iraq"
"467","515487","Senior Arabic Translator/Reviser",2012-08-03,"http://reliefweb.int/node/515487","Iraq"
"468","515089","Executive Director - MSME Finance - Sulaimaniya, Iraq",2012-08-02,"http://reliefweb.int/node/515089","Iraq"
"469","515053","Consultant - Labour Survey",2012-08-02,"http://reliefweb.int/node/515053","Iraq"
"470","514765","Finance Director, Iraq (218189-927)",2012-08-01,"http://reliefweb.int/node/514765","Iraq"
"471","514468","Cartoonist, illustrator or graphic designer to design child friendly materials for UNICEF",2012-07-31,"http://reliefweb.int/node/514468","Iraq"
"472","513711","Human Resources Management Senior Advisor",2012-07-26,"http://reliefweb.int/node/513711","Iraq"
"473","513708","Process Development Advisor",2012-07-26,"http://reliefweb.int/node/513708","Iraq"
"474","512565","Finance & Grants Manager - Iraq",2012-07-23,"http://reliefweb.int/node/512565","Iraq"
"475","512289","Project Director",2012-07-20,"http://reliefweb.int/node/512289","Iraq"
"476","511992","Senior Program Advisor, Iraq",2012-07-19,"http://reliefweb.int/node/511992","Iraq"
"477","511939","Iraq Banking Expert (Local Iraqi Candidates Only)",2012-07-19,"http://reliefweb.int/node/511939","Iraq"
"478","511938","Iraq Data Collector (Local Iraqi Candidates Only)",2012-07-19,"http://reliefweb.int/node/511938","Iraq"
"479","511703","Microfinance Technical Consultant",2012-07-18,"http://reliefweb.int/node/511703","Iraq"
"480","510981","Country Director Irak",2012-07-16,"http://reliefweb.int/node/510981","Iraq"
"481","510911","Grants and Compliance Director - Iraq (218008-927)",2012-07-16,"http://reliefweb.int/node/510911","Iraq"
"482","510146","Project Manager - Education",2012-07-12,"http://reliefweb.int/node/510146","Iraq"
"483","510016","Field Monitor",2012-07-11,"http://reliefweb.int/node/510016","Iraq"
"484","509860","Country Director - Iraq",2012-07-11,"http://reliefweb.int/node/509860","Iraq"
"485","508976","Microfinance Consultant",2012-07-08,"http://reliefweb.int/node/508976","Iraq"
"486","508764","Senior Election Planning Specialist",2012-07-06,"http://reliefweb.int/node/508764","Iraq"
"487","508694","Finance & Grants Manager - Iraq",2012-07-06,"http://reliefweb.int/node/508694","Iraq"
"488","507585","Public Investment Advisor, Administrative Reform Project, Baghdad, Iraq",2012-07-02,"http://reliefweb.int/node/507585","Iraq"
"489","507584","Senior Advisor in Public Policy, Administrative Reform Project, Baghdad, Iraq",2012-07-02,"http://reliefweb.int/node/507584","Iraq"
"490","507158","Assessment of housing, land and property rights of internally displaced women in Baghdad",2012-06-29,"http://reliefweb.int/node/507158","Iraq"
"491","506405","Deputy Country Director - Iraq",2012-06-26,"http://reliefweb.int/node/506405","Iraq"
"492","506319","Livelihood Consultant - Baghdad, Iraq",2012-06-26,"http://reliefweb.int/node/506319","Iraq"
"493","506313","Area Manager - North Iraq",2012-06-26,"http://reliefweb.int/node/506313","Iraq"
"494","506080","Business Systems Analyst (IT), Justice Sector Modernization Project, Iraq",2012-06-25,"http://reliefweb.int/node/506080","Iraq"
"495","505777","Finance & Grants Manager - Iraq",2012-06-23,"http://reliefweb.int/node/505777","Iraq"
"496","505602","Security Adviser",2012-06-22,"http://reliefweb.int/node/505602","Iraq"
"497","505277","Consultant",2012-06-21,"http://reliefweb.int/node/505277","Iraq"
"498","505060","DDG Business Developer/Project Manager - South Iraq",2012-06-20,"http://reliefweb.int/node/505060","Iraq"
"499","505059","DDG Business Developer/Project Manager - South Iraq",2012-06-20,"http://reliefweb.int/node/505059","Iraq"
"500","504089","Country Director Iraq",2012-06-15,"http://reliefweb.int/node/504089","Iraq"
"501","504083","CFM Iraq",2012-06-15,"http://reliefweb.int/node/504083","Iraq"
"502","503835","Human Resources Management Senior Advisor Baghdad, Iraq",2012-06-14,"http://reliefweb.int/node/503835","Iraq"
"503","503808","Director, Administrative Decentralization Baghdad, Iraq",2012-06-14,"http://reliefweb.int/node/503808","Iraq"
"504","503759","Director, Public Policy and Administration Baghdad, Iraq",2012-06-14,"http://reliefweb.int/node/503759","Iraq"
"505","503747","Process Development Advisor",2012-06-14,"http://reliefweb.int/node/503747","Iraq"
"506","503746","Director, Public Policy and Administration",2012-06-14,"http://reliefweb.int/node/503746","Iraq"
"507","502645","Graphic Designer",2012-06-10,"http://reliefweb.int/node/502645","Iraq"
"508","501856","Head of Programme",2012-06-06,"http://reliefweb.int/node/501856","Iraq"
"509","500906","Women’s Protection & Empowerment (WPE) Manager",2012-06-01,"http://reliefweb.int/node/500906","Iraq"
"510","500896","Program Coordinator",2012-06-01,"http://reliefweb.int/node/500896","Iraq"
"511","500221","Finance Grants Manager - Iraq",2012-05-30,"http://reliefweb.int/node/500221","Iraq"
"512","499364","Country Finance Manager Iraq",2012-05-25,"http://reliefweb.int/node/499364","Iraq"
"513","499032","Finance & Grants Manager - Iraq",2012-05-24,"http://reliefweb.int/node/499032","Iraq"
"514","498941","Senior Social Policy Specialist",2012-05-24,"http://reliefweb.int/node/498941","Iraq"
"515","498610","Social Policy Specialist",2012-05-23,"http://reliefweb.int/node/498610","Iraq"
"516","498584","National Programme Officer - Culture",2012-05-23,"http://reliefweb.int/node/498584","Iraq"
"517","498397","Country Director Iraq",2012-05-22,"http://reliefweb.int/node/498397","Iraq"
"518","496698","Consultant - Education",2012-05-15,"http://reliefweb.int/node/496698","Iraq"
"519","496516","Technical Operations Manager",2012-05-14,"http://reliefweb.int/node/496516","Iraq"
"520","496014","COuntry Finance Manager - Iraq",2012-05-11,"http://reliefweb.int/node/496014","Iraq"
"521","496008","Country Director - Iraq",2012-05-11,"http://reliefweb.int/node/496008","Iraq"
"522","494963","Education Coordinator – Inclusive Specialist",2012-05-07,"http://reliefweb.int/node/494963","Iraq"
"523","493981","Director of Communications, Education Sector Strengthening Project, Iraq",2012-05-02,"http://reliefweb.int/node/493981","Iraq"
"524","493937","Process Mapping Advisor, Education Sector Strengthening Project, Iraq",2012-05-02,"http://reliefweb.int/node/493937","Iraq"
"525","493051","Monitoring and Evaluation Specialist, Education Sector Strengthening Project, Iraq",2012-04-27,"http://reliefweb.int/node/493051","Iraq"
"526","492407","Organizational Development Advisor, Education Sector Strengthening Project, Iraq",2012-04-25,"http://reliefweb.int/node/492407","Iraq"
"527","492180","Civil Society, Public Policy and Advocacy Team Leader, Civil Society Participation Project, Baghdad, Iraq",2012-04-24,"http://reliefweb.int/node/492180","Iraq"
"528","491731","Electric Power Specialist",2012-04-23,"http://reliefweb.int/node/491731","Iraq"
"529","491693","Livelihood Project Manager",2012-04-23,"http://reliefweb.int/node/491693","Iraq"
"530","491438","Iraq: Chief of Party, Education",2012-04-20,"http://reliefweb.int/node/491438","Iraq"
"531","491332","Senior Grants Manager - Iraq",2012-04-20,"http://reliefweb.int/node/491332","Iraq"
"532","491331","Moniting and Evaluation Specialist - Iraq",2012-04-20,"http://reliefweb.int/node/491331","Iraq"
"533","491326","Component Develoment Leader - Iraq",2012-04-20,"http://reliefweb.int/node/491326","Iraq"
"534","491321","Deputy Chief of Party - Iraq",2012-04-20,"http://reliefweb.int/node/491321","Iraq"
"535","491316","Chief of Party - Iraq",2012-04-20,"http://reliefweb.int/node/491316","Iraq"
"536","491059","Primary school management team leader",2012-04-19,"http://reliefweb.int/node/491059","Iraq"
"537","491058","Teacher training institutes team leader",2012-04-19,"http://reliefweb.int/node/491058","Iraq"
"538","490878","Chief of party",2012-04-18,"http://reliefweb.int/node/490878","Iraq"
"539","490876","Deputy chief of party",2012-04-18,"http://reliefweb.int/node/490876","Iraq"
"540","490874","Director of finance and operations",2012-04-18,"http://reliefweb.int/node/490874","Iraq"
"541","490871","Policy and curriculum team leader",2012-04-18,"http://reliefweb.int/node/490871","Iraq"
"542","490644","Programme Consultant",2012-04-18,"http://reliefweb.int/node/490644","Iraq"
"543","490469","Country Director - Iraq",2012-04-17,"http://reliefweb.int/node/490469","Iraq"
"544","489515","Program Manager Iraq",2012-04-12,"http://reliefweb.int/node/489515","Iraq"
"545","488950","Senior Grants Manager (Anticipated)",2012-04-10,"http://reliefweb.int/node/488950","Iraq"
"546","488948","Monitoring and Evaluation (M&E) Specialist (Anticipated)",2012-04-10,"http://reliefweb.int/node/488948","Iraq"
"547","488947","Deputy Chief of Party (Anticipated)",2012-04-10,"http://reliefweb.int/node/488947","Iraq"
"548","488946","Chief of Party (Anticipated)",2012-04-10,"http://reliefweb.int/node/488946","Iraq"
"549","488885","Chief of Party",2012-04-10,"http://reliefweb.int/node/488885","Iraq"
"550","488883","Component Team Leaders (Multiple positions)",2012-04-10,"http://reliefweb.int/node/488883","Iraq"
"551","488610","Driver",2012-04-09,"http://reliefweb.int/node/488610","Iraq"
"552","488226","DEPUTY CHIEF OF PARTY - IRAQ",2012-04-05,"http://reliefweb.int/node/488226","Iraq"
"553","488144","Component Lead, Iraq Broadening Participation through Civil Society",2012-04-05,"http://reliefweb.int/node/488144","Iraq"
"554","487783","CFM Iraq",2012-04-04,"http://reliefweb.int/node/487783","Iraq"
"555","487356","Situation Analysis",2012-04-03,"http://reliefweb.int/node/487356","Iraq"
"556","486877","Senior Grants Manager, Broadening Participation Through Civil Society",2012-03-31,"http://reliefweb.int/node/486877","Iraq"
"557","486875","Deputy Chief of Party, Broadening Participation Through Civil Society",2012-03-31,"http://reliefweb.int/node/486875","Iraq"
"558","486874","Chief of Party, Broadening Participation Through Civil Society",2012-03-31,"http://reliefweb.int/node/486874","Iraq"
"559","486650","Microfinance Transformation Consultant -",2012-03-30,"http://reliefweb.int/node/486650","Iraq"
"560","486588","Deputy Chief of Party – Civil Society - Iraq (218007-927)",2012-03-30,"http://reliefweb.int/node/486588","Iraq"
"561","486378","Advisor – Public Investment Administrative Decentralization",2012-03-29,"http://reliefweb.int/node/486378","Iraq"
"562","485924","Apprenticeship Program Specialist, Iraq",2012-03-27,"http://reliefweb.int/node/485924","Iraq"
"563","485907","Senior Development Outreach and Communications Specialist",2012-03-27,"http://reliefweb.int/node/485907","Iraq"
"564","485573","Senior SME Advisor – Bank Capacity Building Specialist",2012-03-26,"http://reliefweb.int/node/485573","Iraq"
"565","484702","Local Governance Media Program Consultant, Iraq",2012-03-22,"http://reliefweb.int/node/484702","Iraq"
"566","484064","External Relations Specialist-Iraq",2012-03-20,"http://reliefweb.int/node/484064","Iraq"
"567","483779","Senior Analyst, Iraq",2012-03-19,"http://reliefweb.int/node/483779","Iraq"
"568","483639","Sitan in Iraq institution , consultancy firm",2012-03-18,"http://reliefweb.int/node/483639","Iraq"
"569","483418","Chief of Party - Civil Society Iraq (217988-927)",2012-03-16,"http://reliefweb.int/node/483418","Iraq"
"570","483240","Security Manager - Iraq",2012-03-15,"http://reliefweb.int/node/483240","Iraq"
"571","481556","Regional Finance Manager - Iraq",2012-03-08,"http://reliefweb.int/node/481556","Iraq"
"572","479784","Project Development manager Irak",2012-02-29,"http://reliefweb.int/node/479784","Iraq"
"573","479587","NGO Development Team Leader",2012-02-28,"http://reliefweb.int/node/479587","Iraq"
"574","479333","Trainer of Trainers, Provision of Technical Assistance to the Offices of the Inspectors General, Iraq Trainer of Trainers, Provision of Technical Ass",2012-02-27,"http://reliefweb.int/node/479333","Iraq"
"575","479235","Chief of Party - Civil Society Strengthening - Iraq",2012-02-27,"http://reliefweb.int/node/479235","Iraq"
"576","479229","Partner Security Liaison Advisor",2012-02-27,"http://reliefweb.int/node/479229","Iraq"
"577","478901","Auditing Trainers, Provision of Technical Assistance to the Offices of the Inspectors General, Iraq",2012-02-24,"http://reliefweb.int/node/478901","Iraq"
"578","477910","Finance and Administration Manager - LRE - Re-announcement",2012-02-20,"http://reliefweb.int/node/477910","Iraq"
"579","477659","Project Manager: Finance and Administration Provision of Technical Assistance to Iraq Offices of the Inspectors General, Iraq",2012-02-17,"http://reliefweb.int/node/477659","Iraq"
"580","477645","Head Instructor, Provision of Technical Assistance to the Offices of the Inspectors General, Iraq",2012-02-17,"http://reliefweb.int/node/477645","Iraq"
"581","476828","Grants Manager",2012-02-14,"http://reliefweb.int/node/476828","Iraq"
"582","476800","Communications Specialist, National and Provincial Administrative Reform Project (TARABOT), Iraq",2012-02-14,"http://reliefweb.int/node/476800","Iraq"
"583","476736","Country Director, Iraq",2012-02-14,"http://reliefweb.int/node/476736","Iraq"
"584","476732","Chief of Party, Iraq",2012-02-14,"http://reliefweb.int/node/476732","Iraq"
"585","476720","Finance Manager, Iraq",2012-02-14,"http://reliefweb.int/node/476720","Iraq"
"586","476507","Apprenticeship Program Specialist, Iraq",2012-02-13,"http://reliefweb.int/node/476507","Iraq"
"587","474865","Country Director Iraq (217932-927)",2012-02-06,"http://reliefweb.int/node/474865","Iraq"
"588","474661","Learning Impact Assessment Consultant, Iraq",2012-02-03,"http://reliefweb.int/node/474661","Iraq"
"589","474511","Transformation Consultant/Manager - Iraq",2012-02-03,"http://reliefweb.int/node/474511","Iraq"
"590","474292","Programme Manager",2012-02-02,"http://reliefweb.int/node/474292","Iraq"
"591","474024","Director IMCK",2012-02-01,"http://reliefweb.int/node/474024","Iraq"
"592","473912","Country Director, Iraqi Kurdistan",2012-01-31,"http://reliefweb.int/node/473912","Iraq"
"593","473911","Program Director, Iraqi Kurdistan",2012-01-31,"http://reliefweb.int/node/473911","Iraq"
"594","473586","Business Systems Analyst (IT), Justice Sector Modernization Project, Iraq",2012-01-30,"http://reliefweb.int/node/473586","Iraq"
"595","473407","International and National Consultants Iraq",2012-01-30,"http://reliefweb.int/node/473407","Iraq"
"596","473245","Component 3 Team Lead, Iraq, Governance Strengthening Project",2012-01-27,"http://reliefweb.int/node/473245","Iraq"
"597","472924","Deputy Director Operations",2012-01-26,"http://reliefweb.int/node/472924","Iraq"
"598","472889","Project Development Manager - Iraq",2012-01-26,"http://reliefweb.int/node/472889","Iraq"
"599","472823","National Coordinators Iraq",2012-01-26,"http://reliefweb.int/node/472823","Iraq"
"600","472618","Executive Officer",2012-01-25,"http://reliefweb.int/node/472618","Iraq"
"601","472603","Senior Advisor in Public Policy and Administration, Iraq Administrative Reform Project, Baghdad, Iraq",2012-01-25,"http://reliefweb.int/node/472603","Iraq"
"602","471820","Programme Specialist - Coordination (L3)",2012-01-22,"http://reliefweb.int/node/471820","Iraq"
"603","471714","Final Program Report Consultant, Iraq",2012-01-20,"http://reliefweb.int/node/471714","Iraq"
"604","471206","Country Logistics Manager - Irak",2012-01-18,"http://reliefweb.int/node/471206","Iraq"
"605","471196","Protection Manager",2012-01-18,"http://reliefweb.int/node/471196","Iraq"
"606","469638","Protection and Advocacy Adviser",2012-01-11,"http://reliefweb.int/node/469638","Iraq"
"607","466304","Finance Manager - Iraq",2011-12-20,"http://reliefweb.int/node/466304","Iraq"
"608","466288","Deputy Chief of Party, Education",2011-12-20,"http://reliefweb.int/node/466288","Iraq"
"609","464538","Education Coordinator",2011-12-12,"http://reliefweb.int/node/464538","Iraq"
"610","463826","Area Manager",2011-12-08,"http://reliefweb.int/node/463826","Iraq"
"611","463824","Deputy Country Director",2011-12-08,"http://reliefweb.int/node/463824","Iraq"
"612","463810","Consultancy Team to deliver Training Workshops on Needs Assessment",2011-12-08,"http://reliefweb.int/node/463810","Iraq"
"613","463798","Education/WASH Project Manager - Locally Recruited Expatriate",2011-12-08,"http://reliefweb.int/node/463798","Iraq"
"614","462821","Director , South Office Basara Iraq",2011-12-02,"http://reliefweb.int/node/462821","Iraq"
"615","462522","Country Director, Iraq",2011-12-01,"http://reliefweb.int/node/462522","Iraq"
"616","462421","Technical Field Manager",2011-12-01,"http://reliefweb.int/node/462421","Iraq"
"617","462415","Protection and Advocacy Adviser - Iraq",2011-12-01,"http://reliefweb.int/node/462415","Iraq"
"618","460168","Communications Specialist, National and Provincial Administrative Reform Project (TARABOT), Iraq",2011-11-18,"http://reliefweb.int/node/460168","Iraq"
"619","459644","Communications Specialist, National and Provincial Administrative Reform Project (TARABOT), Iraq",2011-11-16,"http://reliefweb.int/node/459644","Iraq"
"620","459256","Finance Manager - Iraq",2011-11-15,"http://reliefweb.int/node/459256","Iraq"
"621","458443","Consulting Services, Iraq",2011-11-10,"http://reliefweb.int/node/458443","Iraq"
"622","457938","Procurement Senior Specialist, Administrative Decentralization Project, Baghdad, Iraq",2011-11-08,"http://reliefweb.int/node/457938","Iraq"
"623","457937","Procurement Senior Specialist, Administrative Decentralization Project, Kirkuk, Iraq",2011-11-08,"http://reliefweb.int/node/457937","Iraq"
"624","457503","Women’s Protection and Empowerment Coordinator",2011-11-04,"http://reliefweb.int/node/457503","Iraq"
"625","457496","Chief of Party-Iraq",2011-11-04,"http://reliefweb.int/node/457496","Iraq"
"626","457492","Deputy Director Operations",2011-11-04,"http://reliefweb.int/node/457492","Iraq"
"627","457388","Protection and Advocacy Adviser",2011-11-04,"http://reliefweb.int/node/457388","Iraq"
"628","457079","Finance and Administration Manager",2011-11-03,"http://reliefweb.int/node/457079","Iraq"
"629","456994","Programme Manager - Iraq",2011-11-02,"http://reliefweb.int/node/456994","Iraq"
"630","456497","Chief Health and Nutrition, P-5, Baghdad",2011-10-31,"http://reliefweb.int/node/456497","Iraq"
"631","455489","Consultant (Project Manager (PM): Baghdad Settlement Initiative Consultancy Contract, SSA (P5), Deadline:8 November 2011",2011-10-26,"http://reliefweb.int/node/455489","Iraq"
"632","455319","North Field Officer",2011-10-26,"http://reliefweb.int/node/455319","Iraq"
"633","455048","Community Action Program III Evaluation Consultant Iraq (217827-927)",2011-10-25,"http://reliefweb.int/node/455048","Iraq"
"634","454964","Consultant for Development of Durable Solutions Training Materials",2011-10-24,"http://reliefweb.int/node/454964","Iraq"
"635","454242","PROJECT MANAGER (SUPPORT SERVICES)",2011-10-20,"http://reliefweb.int/node/454242","Iraq"
"636","453637","Chief WASH, P-5, Baghdad",2011-10-18,"http://reliefweb.int/node/453637","Iraq"
"637","453635","Chief Education, P-5, Baghdad",2011-10-18,"http://reliefweb.int/node/453635","Iraq"
"638","453343","Livelihoods Manager",2011-10-17,"http://reliefweb.int/node/453343","Iraq"
"639","453199","Community Action Program (CAP III) Reporting Manager (217816-927)",2011-10-17,"http://reliefweb.int/node/453199","Iraq"
"640","451687","Manager (PM): Baghdad Settlement Initiative – P5 Baghdad",2011-10-10,"http://reliefweb.int/node/451687","Iraq"
"641","450848","EPRP & Reporting Consultant",2011-10-05,"http://reliefweb.int/node/450848","Iraq"
"642","450605","National Safety and Security Coordinator",2011-10-04,"http://reliefweb.int/node/450605","Iraq"
"643","450604","National Safety and Security Coordinator",2011-10-04,"http://reliefweb.int/node/450604","Iraq"
"644","450026","Country Finance Manager - Iraq",2011-09-30,"http://reliefweb.int/node/450026","Iraq"
"645","449772","Bank Supervision Expert",2011-09-29,"http://reliefweb.int/node/449772","Iraq"
"646","449713","Deputy Director / Programme Coordinator",2011-09-29,"http://reliefweb.int/node/449713","Iraq"
"647","448964","Security and Logistic Officer",2011-09-26,"http://reliefweb.int/node/448964","Iraq"
"648","448960","Project Manager Capacity Building - Locally recruited expatriate",2011-09-26,"http://reliefweb.int/node/448960","Iraq"
"649","448946","HSE Manager",2011-09-26,"http://reliefweb.int/node/448946","Iraq"
"650","448844","Technical Research Advisor- Human Rights- Iraqi National",2011-09-26,"http://reliefweb.int/node/448844","Iraq"
"651","448843","Technical Research Advisor- Human Rights- International Consultant",2011-09-26,"http://reliefweb.int/node/448843","Iraq"
"652","448842","ICT Support Associate",2011-09-26,"http://reliefweb.int/node/448842","Iraq"
"653","448630","Protection Coordinator",2011-09-23,"http://reliefweb.int/node/448630","Iraq"
"654","448244","Consultant",2011-09-22,"http://reliefweb.int/node/448244","Iraq"
"655","448200","IT Communications Expert",2011-09-22,"http://reliefweb.int/node/448200","Iraq"
"656","447242","Deputy Chief of Party, Legislative Strengthening Project, Baghdad, Iraq",2011-09-16,"http://reliefweb.int/node/447242","Iraq"
"657","447238","DECENTRALIZATION SPECIALISTS, GOVERNANCE",2011-09-16,"http://reliefweb.int/node/447238","Iraq"
"658","446801","Project Director",2011-09-15,"http://reliefweb.int/node/446801","Iraq"
"659","446794","Consultant",2011-09-15,"http://reliefweb.int/node/446794","Iraq"
"660","446063","Consultant",2011-09-12,"http://reliefweb.int/node/446063","Iraq"
"661","444941","Program Manager",2011-09-05,"http://reliefweb.int/node/444941","Iraq"
"662","444678","Chief of Party",2011-09-02,"http://reliefweb.int/node/444678","Iraq"
"663","444246","Project Development Manager IRAQ",2011-09-01,"http://reliefweb.int/node/444246","Iraq"
"664","444233","Community Action Program (CAP III) Monitoring and Evaluation (M&E) (217753-927)",2011-09-01,"http://reliefweb.int/node/444233","Iraq"
"665","443968","Outreach Coordinator (National Policy Management Team), National and Provincial Administrative Reform Project, Iraq",2011-08-30,"http://reliefweb.int/node/443968","Iraq"
"666","443827","Conflict Resolution Programs Manager (217750-927)",2011-08-30,"http://reliefweb.int/node/443827","Iraq"
"667","443275","Civil Society Programs Manager Iraq (217744-927)",2011-08-26,"http://reliefweb.int/node/443275","Iraq"
"668","442885","Program Manager, Water, Sanitation and Education (WASHE)",2011-08-24,"http://reliefweb.int/node/442885","Iraq"
"669","442882","Program Manger, Youth Livelihoods, Iraq Country Office",2011-08-24,"http://reliefweb.int/node/442882","Iraq"
"670","442878","Director , South Office Basara Iraq",2011-08-24,"http://reliefweb.int/node/442878","Iraq"
"671","442856","Health Operations Advisor, Primary Health Care Project, Baghdad, Iraq",2011-08-24,"http://reliefweb.int/node/442856","Iraq"
"672","442854","Human Resources Management Advisor, Primary Health Care Project, Baghdad, Iraq",2011-08-24,"http://reliefweb.int/node/442854","Iraq"
"673","442691","Health Care Regional Coordinator, Primary Health Care Project Iraq, Various Provinces",2011-08-23,"http://reliefweb.int/node/442691","Iraq"
"674","442682","BCC/Behavior Change Community Advisor, Primary Health Care Project Iraq, Baghdad",2011-08-23,"http://reliefweb.int/node/442682","Iraq"
"675","442680","Environmental Health Specialist, Primary Health Care Project Iraq, Baghdad",2011-08-23,"http://reliefweb.int/node/442680","Iraq"
"676","442652","Health Commodities Management Specialist, Primary Health Care Project Iraq, Baghdad",2011-08-23,"http://reliefweb.int/node/442652","Iraq"
"677","442632","Quality Assurance Advisor, Administrative Reform Project, Iraq",2011-08-23,"http://reliefweb.int/node/442632","Iraq"
"678","442420","Director of Health Systems Management, Primary Health Care Project Iraq,  Baghdad",2011-08-22,"http://reliefweb.int/node/442420","Iraq"
"679","441624","Education Project Manager Iraq",2011-08-18,"http://reliefweb.int/node/441624","Iraq"
"680","441609","Country Security and Logistic Adviser for Iraq",2011-08-18,"http://reliefweb.int/node/441609","Iraq"
"681","441455","Senior Project Specialist for Fiscal Management, Iraq Administrative Reform Project, Basrah",2011-08-17,"http://reliefweb.int/node/441455","Iraq"
"682","441452","Senior Project Specialist for Fiscal Management, Iraq Administrative Reform Project, Kirkuk",2011-08-17,"http://reliefweb.int/node/441452","Iraq"
"683","441451","Senior Project Specialist for Fiscal Management, Iraq Administrative Reform Project, Babil",2011-08-17,"http://reliefweb.int/node/441451","Iraq"
"684","441449","Construction Civil Engineer, Iraq",2011-08-17,"http://reliefweb.int/node/441449","Iraq"
"685","441395","Senior Project Specialist – Iraq Administrative Reform Project - Service Centers (Babil)",2011-08-17,"http://reliefweb.int/node/441395","Iraq"
"686","441392","Senior Project Specialist – Iraq Administrative Reform Project - Service Centers (Kirkuk)",2011-08-17,"http://reliefweb.int/node/441392","Iraq"
"687","441389","Senior Project Specialist – Iraq Administrative Reform Project - Service Centers (Basrah)",2011-08-17,"http://reliefweb.int/node/441389","Iraq"
"688","441134","Success Story Booklet Consultant, Iraq",2011-08-16,"http://reliefweb.int/node/441134","Iraq"
"689","440879","Automation Advisor, Administrative Reform Project, Iraq",2011-08-15,"http://reliefweb.int/node/440879","Iraq"
"690","440615","Monitoring and Evaluation Coordinator (M&E Coordinator)",2011-08-12,"http://reliefweb.int/node/440615","Iraq"
"691","440174","Women's Protection & Empowerment Manager",2011-08-10,"http://reliefweb.int/node/440174","Iraq"
"692","440026","Field Project Officer",2011-08-10,"http://reliefweb.int/node/440026","Iraq"
"693","439961","Senior Project Specialist – Ministry of Planning and Ministry of Finance, Administrative Reform Project, Iraq",2011-08-09,"http://reliefweb.int/node/439961","Iraq"
"694","439932","Program Coordinator, Health Administration, Iraq (751)",2011-08-09,"http://reliefweb.int/node/439932","Iraq"
"695","439820","Finance and Administration Manager",2011-08-09,"http://reliefweb.int/node/439820","Iraq"
"696","439699","Program Coordinator, Durable Solutions",2011-08-08,"http://reliefweb.int/node/439699","Iraq"
"697","439697","Development, Monitoring and Evaluation Coordinator",2011-08-08,"http://reliefweb.int/node/439697","Iraq"
"698","439695","Livelihoods Manager",2011-08-08,"http://reliefweb.int/node/439695","Iraq"
"699","439667","Process Development Advisor, Iraq Administrative Reform Project, Baghdad",2011-08-08,"http://reliefweb.int/node/439667","Iraq"
"700","439659","Ministries Team Leader (Expat), Administrative Reform Project, Baghdad",2011-08-08,"http://reliefweb.int/node/439659","Iraq"
"701","439652","Procurement Advisor, Iraq Administrative Reform Project, Baghdad",2011-08-08,"http://reliefweb.int/node/439652","Iraq"
"702","439636","Legal Advisor, Iraq Administrative Reform Project, Baghdad",2011-08-08,"http://reliefweb.int/node/439636","Iraq"
"703","439632","Project Specialist – Ministry Embedded, Administrative Reform Project, Baghdad",2011-08-08,"http://reliefweb.int/node/439632","Iraq"
"704","439595","Iraq Development Management System Advisor, Administrative Reform Project, Babil",2011-08-08,"http://reliefweb.int/node/439595","Iraq"
"705","439594","Iraq Development Management System Advisor, Administrative Reform Project, Basrah",2011-08-08,"http://reliefweb.int/node/439594","Iraq"
"706","439352","Project Management Advisor, Baghdad, Iraq",2011-08-05,"http://reliefweb.int/node/439352","Iraq"
"707","439350","Project Management Advisor, Babil, Iraq",2011-08-05,"http://reliefweb.int/node/439350","Iraq"
"708","439349","Project Management Advisor, Basrah, Iraq",2011-08-05,"http://reliefweb.int/node/439349","Iraq"
"709","439348","Project Management Advisor, Kirkuk, Iraq",2011-08-05,"http://reliefweb.int/node/439348","Iraq"
"710","439339","Senior Project Specialist for the Ministry of Finance, Administrative Reform Project, Baghdad",2011-08-05,"http://reliefweb.int/node/439339","Iraq"
"711","439325","Senior Project Specialist for the Ministry of Finance, Administrative Reform Project, Baghdad",2011-08-05,"http://reliefweb.int/node/439325","Iraq"
"712","439323","Senior Project Specialist for Fiscal Decentralization, Administrative Reform Project, Baghdad",2011-08-05,"http://reliefweb.int/node/439323","Iraq"
"713","439321","Senior Project Specialist for Organizational Development, Administrative Reform Project, Babil",2011-08-05,"http://reliefweb.int/node/439321","Iraq"
"714","439317","Senior Project Specialist for Ministry Support, Administrative Reform Project, Baghdad",2011-08-05,"http://reliefweb.int/node/439317","Iraq"
"715","439308","Ministries Team Leader, Administrative Reform Project, Baghdad",2011-08-05,"http://reliefweb.int/node/439308","Iraq"
"716","439269","Iraq Development Management System Advisor, Iraq Administrative Reform Project, Baghdad",2011-08-05,"http://reliefweb.int/node/439269","Iraq"
"717","439247","Senior Project Specialist for the Service Centers, Administrative Reform Project, Baghdad",2011-08-05,"http://reliefweb.int/node/439247","Iraq"
"718","439080","Senior Project Specialist for Administrative Decentralization, Administrative Reform Project, Baghdad",2011-08-04,"http://reliefweb.int/node/439080","Iraq"
"719","439069","Program Manager/Chief of Party, Iraq",2011-08-04,"http://reliefweb.int/node/439069","Iraq"
"720","439028","Chief of Party - Iraq (IQ.01.25)",2011-08-04,"http://reliefweb.int/node/439028","Iraq"
"721","437452","Human Resources Manager, P-4, Baghdad",2011-07-27,"http://reliefweb.int/node/437452","Iraq"
"722","437316","NGO Training Manager",2011-07-27,"http://reliefweb.int/node/437316","Iraq"
"723","436164","Project Manager Livelihood",2011-07-26,"http://reliefweb.int/node/436164","Iraq"
"724","435259","Country Director",2011-07-21,"http://reliefweb.int/node/435259","Iraq"
"725","426190","Program Manager/Chief of Party, Iraq",2011-07-15,"http://reliefweb.int/node/426190","Iraq"
"726","425674","Deputy Director of Programs",2011-07-13,"http://reliefweb.int/node/425674","Iraq"
"727","425121","BUSINESS DEVELOPMENT SPECIALIST",2011-07-11,"http://reliefweb.int/node/425121","Iraq"
"728","425051","WASH Project Manager - Consultancy",2011-07-11,"http://reliefweb.int/node/425051","Iraq"
"729","424822","Program Manager - IDPs, Returnees - Iraq",2011-07-08,"http://reliefweb.int/node/424822","Iraq"
"730","424821","Program Manager - Gender - Iraq",2011-07-08,"http://reliefweb.int/node/424821","Iraq"
"731","424820","Program Reporting Officer - Iraq",2011-07-08,"http://reliefweb.int/node/424820","Iraq"
"732","424818","Program Manager - Education Program - Iraq",2011-07-08,"http://reliefweb.int/node/424818","Iraq"
"733","424817","Monitoring & Evaluation Officer - Iraq",2011-07-08,"http://reliefweb.int/node/424817","Iraq"
"734","424119","Communications Specialist, Iraq ",2011-07-06,"http://reliefweb.int/node/424119","Iraq"
"735","423263","Chief of Party - Iraq",2011-06-30,"http://reliefweb.int/node/423263","Iraq"
"736","422973","Director, Finance and Administration",2011-06-29,"http://reliefweb.int/node/422973","Iraq"
"737","422604","Global Fellow - Organizational Development - Iraq",2011-06-27,"http://reliefweb.int/node/422604","Iraq"
"738","422493","National Liaison Officer",2011-06-27,"http://reliefweb.int/node/422493","Iraq"
"739","421859","Finance and Compliance Director (217629-927)",2011-06-23,"http://reliefweb.int/node/421859","Iraq"
"740","421706","Mid-Level Civil Service Institute Advisor, Iraq",2011-06-22,"http://reliefweb.int/node/421706","Iraq"
"741","419478","Outreach Coordinator (National Policy Management Team)",2011-06-10,"http://reliefweb.int/node/419478","Iraq"
"742","419477","Human Resources Management Information System (HRMIS) Specialist",2011-06-10,"http://reliefweb.int/node/419477","Iraq"
"743","406190","Protection Manager",2011-06-06,"http://reliefweb.int/node/406190","Iraq"
"744","405739","AME Reporting Officer",2011-06-03,"http://reliefweb.int/node/405739","Iraq"
"745","405315","Mental Health Programs Director - Iraq",2011-06-01,"http://reliefweb.int/node/405315","Iraq"
"746","400888","Country Director",2011-05-10,"http://reliefweb.int/node/400888","Iraq"
"747","395928","Media Programs Manager ",2011-04-12,"http://reliefweb.int/node/395928","Iraq"
